Distance,TimeMs,Speed,Throttle,Brake,Steer,nGear
1.046875,0,190,100.0,0.0,-0.0,0
2.74609375,31,191,100.0,0.0,-0.0,0
4.4453125,63,192,100.0,0.0,-0.0,0
6.15625,95,193,100.0,0.0,-0.0,0
7.875,127,194,100.0,0.0,-0.0,0
9.6015625,158,195,100.0,0.0,-0.0,0
11.34375,190,196,100.0,0.0,-0.0,0
13.09765625,222,197,100.0,0.0,-0.0,0
14.84765625,254,198,100.0,0.0,-0.0,0
16.609375,285,199,100.0,0.0,-0.0,0
18.39453125,317,200,100.0,0.0,-0.0,0
20.1875,349,201,100.0,0.0,-0.0,0
21.98046875,381,202,100.0,0.0,-0.0,0
23.77734375,413,203,100.0,0.0,-0.0,0
25.578125,444,204,100.0,0.0,-0.0,0
27.3828125,476,206,100.0,0.0,-0.0,0
29.19921875,507,207,100.0,0.0,-0.0,0
31.00390625,539,208,100.0,0.0,-0.0,0
32.85546875,570,209,100.0,0.0,-0.0,0
34.72265625,602,210,100.0,0.0,-0.0,0
36.60546875,634,211,100.0,0.0,-0.0,0
38.49609375,666,212,100.0,0.0,-0.0,0
40.43359375,698,213,100.0,0.0,-0.0,0
42.39453125,730,214,100.0,0.0,-0.0,0
44.35546875,763,215,100.0,0.0,-0.0,0
46.31640625,796,216,100.0,0.0,-0.0,0
48.30859375,828,217,100.0,0.0,-0.0,0
50.30859375,861,218,100.0,0.0,-0.0,0
52.37109375,894,219,100.0,0.0,-0.0,0
54.4296875,928,220,100.0,0.0,-0.0,0
56.48046875,962,221,100.0,0.0,-0.0,0
58.5703125,995,222,100.0,0.0,-0.0,0
60.63671875,1029,223,100.0,0.0,-0.0,0
62.703125,1062,224,100.0,0.0,-0.0,0
64.78125,1095,225,100.0,0.0,-0.0,0
66.8359375,1128,225,100.0,0.0,-0.0,0
68.88671875,1161,226,100.0,0.0,-0.0,0
70.94921875,1193,227,100.0,0.0,-0.0,0
73.0234375,1226,228,100.0,0.0,-0.0,0
75.10546875,1259,229,100.0,0.0,0.011086229234933853,0
77.19921875,1291,229,100.0,0.0,0.025118157267570496,0
79.2890625,1324,230,100.0,0.0,0.03871602565050125,0
81.37109375,1357,231,100.0,0.0,0.017300846055150032,0
83.45703125,1389,232,100.0,0.0,0.0027768267318606377,0
85.546875,1421,233,100.0,0.0,-0.0,0
87.6484375,1453,234,100.0,0.0,-0.0,0
89.7578125,1485,235,100.0,0.0,-0.0,0
92.078125,1518,236,100.0,0.0,-0.0,0
94.39453125,1553,236,100.0,0.0,-0.0,0
96.7109375,1588,237,100.0,0.0,-0.0,0
99.05078125,1623,238,100.0,0.0,-0.0,0
101.37890625,1658,239,100.0,0.0,-0.0,0
103.7265625,1693,240,100.0,0.0,-0.0,0
106.078125,1728,241,100.0,0.0,-0.0,0
108.23828125,1763,242,100.0,0.0,-0.0,0
110.421875,1795,243,100.0,0.0,-0.0,0
112.62109375,1828,243,100.0,0.0,-0.0,0
114.828125,1860,244,100.0,0.0,-0.009058825671672821,0
117.06640625,1892,245,100.0,0.0,-0.019301194697618484,0
119.30078125,1925,246,100.0,0.0,-0.031481433659791946,0
121.54296875,1958,247,100.0,0.0,-0.04301489144563675,0
123.7890625,1990,247,100.0,0.0,-0.021229123696684837,0
126.05078125,2023,248,100.0,0.0,-0.0010007702512666583,0
128.328125,2056,249,100.0,0.0,-0.0,0
130.609375,2089,250,100.0,0.0,-0.0,0
132.88671875,2121,250,100.0,0.0,-0.0,0
135.1640625,2154,251,100.0,0.0,-0.0,0
137.4609375,2187,252,100.0,0.0,-0.0,0
139.734375,2219,253,100.0,0.0,-0.0,0
142.015625,2252,253,100.0,0.0,-0.0,0
144.30859375,2284,254,100.0,0.0,-0.0,0
146.59375,2316,255,100.0,0.0,-0.0,0
148.93359375,2348,255,100.0,0.0,-0.0,0
151.3125,2381,256,100.0,0.0,-0.0,0
153.68359375,2415,257,100.0,0.0,-0.0,0
156.140625,2448,258,100.0,0.0,-0.0,0
158.58203125,2482,258,100.0,0.0,-0.0,0
161.05859375,2516,259,100.0,0.0,-0.0,0
163.57421875,2550,259,100.0,0.0,-0.0,0
166.02734375,2585,260,100.0,0.0,0.0030978808645159006,0
168.453125,2619,260,100.0,0.0,0.012697430327534676,0
170.88671875,2653,261,100.0,0.0,-0.0,0
173.26953125,2686,262,100.0,0.0,-0.0,0
175.66796875,2719,263,100.0,0.0,-0.0,0
178.01953125,2751,263,100.0,0.0,-0.0,0
180.3515625,2784,264,100.0,0.0,-0.0,0
182.71484375,2815,264,100.0,0.0,-0.0,0
185.0703125,2847,265,100.0,0.0,-0.0,0
187.4453125,2879,266,100.0,0.0,-0.0,0
189.82421875,2911,266,100.0,0.0,-0.0,0
192.20703125,2943,267,100.0,0.0,-0.0,0
194.6015625,2975,268,100.0,0.0,0.012841747142374516,0
197.01953125,3007,268,100.0,0.0,0.024937424808740616,0
199.42578125,3040,269,100.0,0.0,0.035421717911958694,0
201.83984375,3072,269,100.0,0.0,0.015353084541857243,0
204.28125,3104,270,100.0,0.0,0.0015264862449839711,0
206.71875,3137,271,100.0,0.0,-0.0,0
209.171875,3169,271,100.0,0.0,-0.0,0
211.625,3201,272,100.0,0.0,-0.0,0
214.0625,3234,272,100.0,0.0,-0.0,0
216.53125,3266,273,100.0,0.0,-0.0,0
219.01171875,3298,274,100.0,0.0,-0.0,0
221.4921875,3331,274,100.0,0.0,-0.0,0
223.984375,3363,275,100.0,0.0,-0.0,0
226.48046875,3396,275,100.0,0.0,-0.015381183475255966,0
228.9921875,3428,276,100.0,0.0,-0.028714684769511223,0
231.51953125,3461,276,100.0,0.0,-0.008702065795660019,0
234.05859375,3494,277,100.0,0.0,-3.774382275878452e-05,0
236.62109375,3527,278,100.0,0.0,-0.0,0
239.17578125,3560,278,100.0,0.0,-0.0,0
241.7421875,3593,279,100.0,0.0,-0.0,0
244.3203125,3626,279,100.0,0.0,-0.0,0
246.90234375,3659,280,100.0,0.0,-0.0,0
249.5,3693,280,100.0,0.0,-0.0,0
252.1015625,3726,281,100.0,0.0,-0.0,0
254.68359375,3759,281,100.0,0.0,-0.0,0
257.26171875,3792,282,100.0,0.0,-0.0,0
259.83984375,3825,282,100.0,0.0,-0.0,0
262.41015625,3858,283,100.0,0.0,-0.0,0
264.96484375,3891,283,61.176472902297974,0.0,-0.0,0
267.47265625,3923,281,0.0,49.60275888442993,-0.0,0
269.94921875,3956,277,0.0,100.0,-0.0,0
272.390625,3988,273,0.0,100.0,-0.0,0
274.7890625,4020,268,0.0,100.0,-0.0,0
277.1484375,4053,264,0.0,100.0,-0.0,0
279.47265625,4085,260,0.0,100.0,-0.0,0
281.7578125,4118,255,0.0,100.0,-0.0,0
284.00390625,4150,251,0.0,100.0,-0.0,0
286.203125,4183,247,0.0,100.0,-0.0,0
288.359375,4215,242,0.0,100.0,-0.0,0
290.48046875,4247,238,0.0,100.0,-0.0,0
292.5703125,4280,234,0.0,100.0,-0.0,0
294.62109375,4312,230,0.0,100.0,0.01966768316924572,0
296.640625,4345,226,0.0,100.0,0.03650934249162674,0
298.62109375,4377,221,0.0,100.0,0.055934272706508636,0
300.5625,4409,217,0.0,100.0,0.026583995670080185,0
302.4765625,4442,213,0.0,100.0,-0.0,0
304.35546875,4475,209,0.0,100.0,-0.0,0
306.20703125,4507,205,0.0,100.0,-0.0,0
308.03125,4540,200,0.0,100.0,-0.0,0
309.8359375,4573,196,0.0,100.0,-0.0,0
311.609375,4607,193,0.0,100.0,-0.0,0
313.34375,4640,189,0.0,100.0,-0.0,0
315.03515625,4673,186,0.0,100.0,-0.0,0
316.6875,4706,182,0.0,100.0,-0.0,0
318.3046875,4739,178,0.0,100.0,-0.0,0
319.87890625,4772,174,0.0,100.0,-0.0,0
321.3984375,4805,171,0.0,100.0,-0.0,0
322.88671875,4837,167,0.0,100.0,-0.0,0
324.34765625,4870,164,0.0,100.0,-0.0,0
325.80859375,4902,160,0.0,100.0,-0.0,0
327.25,4935,159,0.0,100.0,-0.0,0
328.66015625,4968,156,0.0,100.0,-0.0,0
330.0390625,5001,153,0.0,100.0,-0.0,0
331.38671875,5033,149,0.0,100.0,-0.0,0
332.70703125,5066,146,0.0,100.0,-0.0,0
334.0,5099,142,0.0,100.0,-0.0,0
335.25,5132,139,0.0,100.0,-0.0,0
336.47265625,5165,136,0.0,100.0,-0.0,0
337.6796875,5197,133,0.0,100.0,-0.0,0
338.87109375,5230,130,0.0,100.0,-0.0,0
340.0390625,5263,128,0.0,100.0,-0.0,0
341.1875,5296,125,0.0,100.0,-0.0,0
342.32421875,5330,123,0.0,100.0,0.029460355639457703,0
343.43359375,5363,121,0.0,100.0,0.06255903840065002,0
344.51953125,5396,119,0.0,100.0,0.09482418745756149,0
345.5859375,5429,117,0.0,100.0,0.12657515704631805,0
346.63671875,5463,114,0.0,100.0,0.1577598601579666,0
347.66796875,5496,112,0.0,100.0,0.1885003298521042,0
348.6796875,5529,110,0.0,100.0,0.21888691186904907,0
349.66796875,5563,108,0.0,100.0,0.16875162720680237,0
350.640625,5596,106,0.0,100.0,0.11605092138051987,0
351.59375,5629,103,0.0,100.0,0.06630051136016846,0
352.51953125,5663,101,0.0,100.0,0.019283872097730637,0
353.41796875,5696,99,0.0,100.0,-0.0,0
354.28125,5729,97,0.0,100.0,0.020963363349437714,0
355.12109375,5763,95,0.0,100.0,0.0504394993185997,0
355.94140625,5796,92,0.0,100.0,0.09029130637645721,0
356.7421875,5829,90,0.0,100.0,0.12958039343357086,0
357.515625,5863,88,0.0,100.0,0.16830122470855713,0
358.26953125,5896,86,0.0,100.0,0.20671463012695312,0
359.0078125,5929,84,0.0,100.0,0.24477240443229675,0
359.72265625,5962,82,0.0,100.0,0.2823670208454132,0
360.41796875,5994,80,0.0,100.0,0.319219708442688,0
361.109375,6027,79,0.0,74.25540685653687,0.35608774423599243,0
361.79296875,6060,78,0.0,22.694891691207886,0.3925642669200897,0
362.46875,6093,77,0.0,0.0,0.42801833152770996,0
363.140625,6126,77,0.0,0.0,0.4623112678527832,0
363.80859375,6159,76,0.0,0.0,0.49555888772010803,0
364.46484375,6192,76,0.0,0.0,0.5276780724525452,0
365.109375,6225,76,0.0,0.0,0.5586145520210266,0
365.73828125,6258,75,0.0,0.0,0.44412505626678467,0
366.3671875,6291,75,0.0,0.0,0.36038461327552795,0
366.984375,6323,75,0.0,0.0,0.28810566663742065,0
367.59765625,6356,74,0.0,0.0,0.2092953473329544,0
368.203125,6388,74,0.0,0.0,0.23702237010002136,0
368.80859375,6421,74,0.0,0.0,0.2620229423046112,0
369.41015625,6453,74,0.0,0.0,0.19736863672733307,0
370.01171875,6485,73,0.0,0.0,0.13192857801914215,0
370.60546875,6518,73,0.0,0.0,0.07193360477685928,0
371.37890625,6550,73,0.0,0.0,0.016715645790100098,0
372.1640625,6591,73,0.0,0.0,0.07482060045003891,0
372.91796875,6634,73,0.0,0.0,0.1315922886133194,0
373.66796875,6675,72,0.0,0.0,0.18386133015155792,0
374.453125,6716,72,0.0,0.0,0.23407825827598572,0
375.30078125,6756,72,0.0,0.0,0.2816775441169739,0
376.16796875,6797,71,0.0,0.0,0.3273884057998657,0
376.84765625,6838,71,0.0,0.0,0.3709794282913208,0
377.5234375,6869,71,0.0,0.0,0.4030185341835022,0
378.2421875,6899,71,0.0,0.0,0.4331420063972473,0
378.98046875,6931,70,0.0,0.0,0.46365484595298767,0
379.7421875,6962,70,0.0,0.0,0.4932478070259094,0
380.53125,6994,70,0.0,0.0,0.521994411945343,0
381.35546875,7025,69,0.0,0.0,0.550157368183136,0
382.20703125,7057,69,0.0,0.0,0.577980637550354,0
383.10546875,7088,69,0.0,0.0,0.6051473617553711,0
384.05078125,7120,68,0.0,0.0,0.632090151309967,0
385.0390625,7152,68,0.0,0.0,0.6586122512817383,0
386.08203125,7183,67,0.0,0.0,0.6847060918807983,0
387.19140625,7215,67,0.0,0.0,0.7103565335273743,0
388.375,7246,67,0.0,0.0,0.7355431318283081,0
389.66796875,7278,66,0.0,0.0,0.7577778100967407,0
391.03515625,7310,66,0.0,0.0,0.7694864869117737,0
392.33984375,7341,65,0.0,0.0,0.7670831084251404,0
393.59375,7372,65,0.0,0.0,0.7801077365875244,0
394.80859375,7403,64,0.0,0.0,0.7819206118583679,0
395.98828125,7434,64,0.0,0.0,0.7959506511688232,0
397.1484375,7465,63,0.0,0.0,0.806847870349884,0
398.2890625,7496,63,0.0,0.0,0.8046420812606812,0
399.4296875,7527,63,0.0,0.0,0.6367128491401672,0
400.56640625,7557,63,0.0,0.0,0.5370449423789978,0
401.71875,7588,62,0.0,0.0,0.4437401294708252,0
402.8828125,7619,62,0.0,0.0,0.35633423924446106,0
404.06640625,7649,62,3.13725508749485,0.0,0.2811316251754761,0
405.265625,7680,62,6.666667014360428,0.0,0.30984926223754883,0
406.5,7710,62,8.235294371843338,0.0,0.3513715863227844,0
407.546875,7741,62,8.627451211214066,0.0,0.3917379379272461,0
408.484375,7772,62,9.019608050584793,0.0,0.43081188201904297,0
409.3828125,7802,62,9.41176488995552,0.0,0.4689779281616211,0
410.2421875,7833,61,10.196078568696976,0.0,0.506397545337677,0
411.06640625,7864,61,15.294118225574493,0.0,0.5425174236297607,0
411.859375,7896,61,21.176470816135406,0.0,0.5773725509643555,0
412.62890625,7927,61,25.882354378700256,0.0,0.6113051176071167,0
413.375,7958,61,27.843138575553894,0.0,0.6437698602676392,0
414.09375,7990,61,28.23529541492462,0.0,0.6750770807266235,0
414.78515625,8021,61,28.23529541492462,0.0,0.7050658464431763,0
415.45703125,8052,61,29.019609093666077,0.0,0.7336401343345642,0
416.1171875,8083,61,28.62745225429535,0.0,0.7612050771713257,0
416.83203125,8114,61,29.019609093666077,0.0,0.7879887223243713,0
417.5234375,8148,61,29.019609093666077,0.0,0.6729196906089783,0
418.2109375,8182,62,29.019609093666077,0.0,0.5617015957832336,0
418.8828125,8216,62,28.62745225429535,0.0,0.4586521089076996,0
419.54296875,8250,62,28.23529541492462,0.0,0.36375856399536133,0
420.1953125,8284,62,28.23529541492462,0.0,0.276263952255249,0
420.83203125,8318,63,28.23529541492462,0.0,0.19643950462341309,0
421.3984375,8352,63,28.23529541492462,0.0,0.12365253269672394,0
421.953125,8382,63,28.23529541492462,0.0,0.0636620745062828,0
422.5,8413,63,28.23529541492462,0.0,0.0069535295478999615,0
423.0234375,8443,63,28.23529541492462,0.0,-0.0,0
423.50390625,8474,64,28.23529541492462,0.0,-0.0,0
423.98046875,8505,64,28.23529541492462,0.0,-0.0,0
424.4609375,8536,64,28.23529541492462,0.0,0.001963674323633313,0
424.9453125,8567,64,28.23529541492462,0.0,0.06884128600358963,0
425.43359375,8597,65,28.23529541492462,0.0,0.11203454434871674,0
425.92578125,8628,65,28.62745225429535,0.0,0.1536126285791397,0
426.41796875,8659,65,28.62745225429535,0.0,0.193451926112175,0
426.91796875,8689,65,28.23529541492462,0.0,0.23158597946166992,0
427.421875,8720,65,28.62745225429535,0.0,0.2681993842124939,0
427.9296875,8750,66,28.62745225429535,0.0,0.30334562063217163,0
428.44921875,8781,66,29.019609093666077,0.0,0.33711594343185425,0
428.96875,8811,66,29.019609093666077,0.0,0.36958813667297363,0
429.5,8842,66,29.019609093666077,0.0,0.4006476104259491,0
430.03515625,8873,66,29.019609093666077,0.0,0.43053296208381653,0
430.57421875,8903,66,28.62745225429535,0.0,0.4592761993408203,0
431.12109375,8934,67,28.62745225429535,0.0,0.3737585246562958,0
431.6796875,8965,67,28.62745225429535,0.0,0.29998379945755005,0
432.23828125,8996,67,28.62745225429535,0.0,0.23122252523899078,0
432.80078125,9027,67,29.019609093666077,0.0,0.16837215423583984,0
433.37109375,9058,68,29.019609093666077,0.0,0.10987821221351624,0
433.94140625,9089,68,29.019609093666077,0.0,0.05600336194038391,0
434.515625,9121,68,29.019609093666077,0.0,0.005682884715497494,0
435.08984375,9152,68,29.019609093666077,0.0,0.017993729561567307,0
435.66015625,9183,69,29.019609093666077,0.0,0.0412151999771595,0
436.2421875,9214,69,29.411765933036804,0.0,0.0679844319820404,0
436.8203125,9245,69,29.019609093666077,0.0,0.10244455933570862,0
437.40234375,9276,70,29.019609093666077,0.0,0.12660059332847595,0
437.9921875,9307,70,29.019609093666077,0.0,0.07408558577299118,0
438.58203125,9339,70,29.411765933036804,0.0,0.025050293654203415,0
439.17578125,9370,70,29.411765933036804,0.0,-0.0,0
439.7734375,9401,71,29.411765933036804,0.0,-0.0,0
440.375,9433,71,29.411765933036804,0.0,0.017387039959430695,0
440.98046875,9464,71,28.62745225429535,0.0,0.04603532329201698,0
441.58984375,9496,72,28.62745225429535,0.0,0.08373668044805527,0
442.20703125,9527,72,28.23529541492462,0.0,0.12010840326547623,0
442.83203125,9559,72,27.843138575553894,0.0,0.1550949662923813,0
443.4609375,9591,72,27.843138575553894,0.0,0.18902075290679932,0
444.09765625,9623,73,27.843138575553894,0.0,0.22171397507190704,0
444.7421875,9655,73,28.23529541492462,0.0,0.2532098591327667,0
445.3984375,9687,73,28.23529541492462,0.0,0.2836979031562805,0
446.05859375,9720,73,28.23529541492462,0.0,0.3132927417755127,0
446.71875,9753,73,28.23529541492462,0.0,0.3415662944316864,0
447.3828125,9785,74,28.23529541492462,0.0,0.36841920018196106,0
448.05078125,9817,74,28.62745225429535,0.0,0.3942764401435852,0
448.7265625,9850,74,28.62745225429535,0.0,0.4191890358924866,0
449.40625,9883,74,29.80392277240753,0.0,0.3251522183418274,0
450.0859375,9916,75,29.80392277240753,0.0,0.2570919096469879,0
450.7734375,9948,75,30.19607961177826,0.0,0.19489598274230957,0
451.47265625,9981,75,30.588236451148987,0.0,0.13780587911605835,0
452.171875,10014,76,30.980393290519714,0.0,0.08525494486093521,0
452.875,10047,76,30.980393290519714,0.0,0.037151068449020386,0
453.58203125,10080,76,31.372550129890442,0.0,-0.0,0
454.29296875,10113,77,31.76470696926117,0.0,-0.0,0
455.01171875,10146,77,32.1568638086319,0.0,-0.0,0
455.73046875,10179,78,32.94117748737335,0.0,-0.0,0
456.44921875,10212,78,33.33333432674408,0.0,-0.0,0
457.17578125,10245,78,34.117648005485535,0.0,-0.0,0
457.90625,10278,79,34.50980484485626,0.0,-0.0,0
458.64453125,10311,79,34.90196168422699,0.0,-0.0,0
459.3828125,10344,80,34.90196168422699,0.0,-0.0,0
460.125,10377,80,35.686275362968445,0.0,-0.0,0
460.875,10410,81,36.4705890417099,0.0,-0.0,0
461.62890625,10443,81,37.64705955982208,0.0,0.03011605516076088,0
462.38671875,10476,82,38.823530077934265,0.0,0.055187102407217026,0
463.14453125,10509,82,39.60784375667572,0.0,0.08826306462287903,0
463.90625,10542,83,39.60784375667572,0.0,0.1198384165763855,0
464.66796875,10575,83,40.00000059604645,0.0,0.14782831072807312,0
465.43359375,10607,84,40.00000059604645,0.0,0.1060667410492897,0
466.203125,10640,84,40.00000059604645,0.0,0.06146705150604248,0
466.98046875,10672,85,40.00000059604645,0.0,0.020707152783870697,0
467.76953125,10705,85,40.00000059604645,0.0,-0.0,0
468.57421875,10738,86,40.392157435417175,0.0,-0.0,0
469.3828125,10771,86,40.392157435417175,0.0,-0.0,0
470.19921875,10805,87,40.00000059604645,0.0,-0.0,0
471.01953125,10838,88,40.7843142747879,0.0,-0.0,0
471.84765625,10871,88,41.17647111415863,0.0,-0.0,0
472.67578125,10905,89,42.74509847164154,0.0,-0.0,0
473.49609375,10938,89,43.529412150382996,0.0,-0.0,0
474.31640625,10971,90,43.92156898975372,0.0,-0.0,0
475.140625,11003,91,43.92156898975372,0.0,-0.0,0
475.96875,11035,91,43.92156898975372,0.0,-0.0,0
476.80078125,11068,92,43.92156898975372,0.0,-0.0,0
477.64453125,11100,93,44.31372582912445,0.0,-0.0,0
478.49609375,11132,93,44.31372582912445,0.0,0.027088642120361328,0
479.35546875,11165,94,44.70588266849518,0.0,0.04844363406300545,0
480.21875,11197,95,44.70588266849518,0.0,0.07499507814645767,0
481.08984375,11230,95,44.70588266849518,0.0,0.09663130342960358,0
481.95703125,11263,96,44.70588266849518,0.0,0.057552486658096313,0
482.83203125,11295,97,44.70588266849518,0.0,0.021832333877682686,0
483.71484375,11327,97,44.70588266849518,0.0,-0.0,0
484.59765625,11359,98,44.70588266849518,0.0,-0.0,0
485.48828125,11392,99,45.098039507865906,0.0,-0.0,0
486.38671875,11424,99,45.098039507865906,0.0,-0.0,0
487.29296875,11456,100,45.098039507865906,0.0,-0.0,0
488.203125,11489,100,45.098039507865906,0.0,-0.0,0
489.12109375,11521,101,45.098039507865906,0.0,-0.0,0
490.04296875,11553,102,45.49019634723663,0.0,-0.0,0
490.97265625,11586,102,45.49019634723663,0.0,-0.0,0
491.98046875,11618,103,45.49019634723663,0.0,-0.0,0
493.0,11653,104,45.49019634723663,0.0,-0.0,0
494.01953125,11688,104,45.49019634723663,0.0,-0.0,0
495.0546875,11723,105,45.88235318660736,0.0,-0.0,0
496.09765625,11758,106,46.27451002597809,0.0,-0.0,0
497.13671875,11793,106,46.666666865348816,0.0,-0.0,0
498.1875,11828,107,47.05882370471954,0.0,0.0013435168657451868,0
499.16015625,11863,108,47.05882370471954,0.0,0.017053624615073204,0
500.13671875,11895,108,47.05882370471954,0.0,0.03298319876194,0
501.1171875,11928,109,47.05882370471954,0.0,0.048819079995155334,0
502.10546875,11960,110,47.45098054409027,0.0,0.06234050169587135,0
503.09765625,11992,110,47.45098054409027,0.0,0.029643366113305092,0
504.1015625,12024,111,47.843137383461,0.0,-0.0,0
505.109375,12057,111,48.235294222831726,0.0,-0.0,0
506.12890625,12089,112,49.01960790157318,0.0,-0.0,0
507.1484375,12121,113,49.41176474094391,0.0,-0.0,0
508.17578125,12154,113,50.1960813999176,0.0,-0.0,0
509.20703125,12186,114,50.58823823928833,0.0,-0.0,0
510.24609375,12219,115,50.58823823928833,0.0,-0.0,0
511.2890625,12251,116,50.98039507865906,0.0,-0.0,0
512.33984375,12283,116,52.15686559677124,0.0,-0.0,0
513.39453125,12315,117,52.54902243614197,0.0,0.005904729478061199,0
514.46875,12347,118,52.941179275512695,0.0,0.020695097744464874,0
515.55078125,12380,119,52.941179275512695,0.0,0.03704288229346275,0
516.63671875,12413,119,53.33333611488342,0.0,0.05627164989709854,0
517.73046875,12445,120,53.33333611488342,0.0,0.025611571967601776,0
518.828125,12478,121,53.33333611488342,0.0,-0.0,0
519.9296875,12511,121,53.72549295425415,0.0,-0.0,0
521.03515625,12543,122,53.72549295425415,0.0,-0.0,0
522.140625,12576,123,53.72549295425415,0.0,-0.0,0
523.24609375,12608,123,53.72549295425415,0.0,-0.0,0
524.3671875,12641,124,53.72549295425415,0.0,-0.0,0
525.48828125,12673,125,54.11764979362488,0.0,-0.0,0
526.62109375,12706,126,54.509806632995605,0.0,-0.0,0
527.76171875,12738,126,54.509806632995605,0.0,-0.0,0
528.90625,12771,127,55.29412031173706,0.0,-0.0,0
530.0546875,12803,128,55.29412031173706,0.0,-0.0,0
531.2109375,12836,128,55.29412031173706,0.0,-0.0,0
532.37109375,12868,129,55.68627715110779,0.0,-0.0,0
533.5390625,12900,130,55.68627715110779,0.0,-0.0,0
534.7109375,12933,130,56.078433990478516,0.0,0.020613932982087135,0
535.89453125,12965,131,56.47059082984924,0.0,0.03643716871738434,0
537.08984375,12998,132,56.47059082984924,0.0,0.05141102150082588,0
538.2890625,13030,132,56.86274766921997,0.0,0.06727062165737152,0
539.50390625,13063,133,56.86274766921997,0.0,0.07976195216178894,0
540.71875,13096,134,56.86274766921997,0.0,0.04847584292292595,0
541.9375,13129,135,56.86274766921997,0.0,0.01970922015607357,0
543.16015625,13161,135,57.2549045085907,0.0,0.0003215866454411298,0
544.37890625,13194,136,56.86274766921997,0.0,-0.0,0
545.59765625,13226,137,57.2549045085907,0.0,-0.0,0
546.82421875,13258,137,56.86274766921997,0.0,-0.0,0
548.046875,13291,138,56.86274766921997,0.0,-0.0,0
549.27734375,13323,139,56.47059082984924,0.0,-0.0,0
550.51171875,13355,139,56.86274766921997,0.0,-0.0,0
551.74609375,13387,140,56.86274766921997,0.0,-0.0,0
552.9921875,13418,140,56.86274766921997,0.0,-0.0,0
554.2421875,13450,141,56.86274766921997,0.0,-0.0,0
555.49609375,13482,142,57.2549045085907,0.0,-0.0,0
556.75390625,13514,142,56.86274766921997,0.0,-0.0,0
558.01171875,13546,143,57.2549045085907,0.0,-0.0,0
559.2734375,13578,143,56.86274766921997,0.0,-0.0,0
560.546875,13609,144,57.2549045085907,0.0,-0.0,0
561.828125,13641,145,57.2549045085907,0.0,-0.0,0
563.10546875,13673,145,57.647061347961426,0.0,-0.0,0
564.390625,13705,146,57.2549045085907,0.0,-0.0,0
565.671875,13736,146,57.647061347961426,0.0,-0.0,0
566.95703125,13768,147,57.647061347961426,0.0,-0.0,0
568.25,13799,148,58.03921818733215,0.0,0.005832357332110405,0
569.54296875,13831,148,58.03921818733215,0.0,0.013985417783260345,0
570.8359375,13862,149,57.647061347961426,0.0,0.024896426126360893,0
572.15234375,13893,149,57.647061347961426,0.0,0.02628665789961815,0
573.484375,13925,150,57.647061347961426,0.0,0.0013906504027545452,0
574.828125,13957,150,57.647061347961426,0.0,-0.0,0
576.19921875,13989,151,58.03921818733215,0.0,-0.0,0
577.60546875,14022,151,58.03921818733215,0.0,-0.0,0
579.05078125,14055,152,58.03921818733215,0.0,-0.0,0
580.5,14089,153,58.03921818733215,0.0,-0.0,0
581.9609375,14123,154,58.43137502670288,0.0,-0.0,0
583.421875,14157,154,58.43137502670288,0.0,-0.0,0
584.8828125,14191,155,58.43137502670288,0.0,-0.0,0
586.33984375,14225,156,58.82353186607361,0.0,-0.0,0
587.76953125,14258,156,58.82353186607361,0.0,-0.0,0
589.18359375,14291,157,58.82353186607361,0.0,-0.0,0
590.59375,14324,158,58.82353186607361,0.0,-0.0,0
592.00390625,14356,158,58.82353186607361,0.0,-0.0,0
593.4140625,14388,159,59.215688705444336,0.0,0.0020695149432867765,0
594.828125,14420,159,59.215688705444336,0.0,0.014527975581586361,0
596.25,14451,160,59.60784554481506,0.0,0.030152777209877968,0
597.671875,14483,161,59.60784554481506,0.0,0.043666671961545944,0
599.1015625,14515,161,59.60784554481506,0.0,0.018147245049476624,0
600.5390625,14547,162,59.60784554481506,0.0,0.0007116453489288688,0
602.0,14579,162,59.60784554481506,0.0,-0.0,0
603.484375,14611,163,60.00000238418579,0.0,-0.0,0
604.99609375,14644,163,60.39215922355652,0.0,0.009978813119232655,0
606.5234375,14677,164,60.784316062927246,0.0,0.024395959451794624,0
608.0546875,14710,165,60.784316062927246,0.0,0.04243715479969978,0
609.61328125,14743,165,60.784316062927246,0.0,0.0627206414937973,0
611.15625,14777,166,60.784316062927246,0.0,0.07590731233358383,0
612.71484375,14811,166,61.176472902297974,0.0,0.046546779572963715,0
614.24609375,14844,167,61.176472902297974,0.0,0.019424540922045708,0
615.7578125,14877,168,61.176472902297974,0.0,0.001399027300067246,0
617.26953125,14909,168,61.176472902297974,0.0,-0.0,0
618.78515625,14941,169,61.176472902297974,0.0,-0.0,0
620.28515625,14974,169,61.176472902297974,0.0,-0.0,0
621.80078125,15005,170,61.5686297416687,0.0,-0.0,0
623.3046875,15037,170,61.5686297416687,0.0,0.012334692291915417,0
624.8359375,15069,171,61.96078658103943,0.0,0.027375781908631325,0
626.37109375,15101,172,62.352943420410156,0.0,0.04731300100684166,0
627.91015625,15133,172,62.352943420410156,0.0,0.0666249617934227,0
629.453125,15165,173,62.352943420410156,0.0,0.08005725592374802,0
631.0078125,15197,173,62.352943420410156,0.0,0.051503922790288925,0
632.5546875,15229,174,62.745100259780884,0.0,0.025170765817165375,0
634.10546875,15261,174,62.352943420410156,0.0,0.0008059659157879651,0
635.65234375,15293,175,62.352943420410156,0.0,-0.0,0
637.19921875,15325,175,62.352943420410156,0.0,-0.0,0
638.73828125,15357,176,62.352943420410156,0.0,-0.0,0
640.2734375,15388,176,62.352943420410156,0.0,-0.0,0
641.8125,15419,177,62.352943420410156,0.0,-0.0,0
643.3515625,15451,177,62.352943420410156,0.0,-0.0,0
644.88671875,15482,178,62.745100259780884,0.0,-0.0,0
646.42578125,15513,178,62.745100259780884,0.0,-0.0,0
647.96875,15544,179,62.745100259780884,0.0,-0.0,0
649.52734375,15575,179,62.745100259780884,0.0,-0.0,0
651.10546875,15606,180,63.13725709915161,0.0,-0.0,0
652.69921875,15637,180,63.52941393852234,0.0,0.007927105762064457,0
654.30859375,15669,181,63.921570777893066,0.0,0.02053605392575264,0
655.9296875,15701,181,64.3137276172638,0.0,0.040407080203294754,0
657.56640625,15733,182,64.70588445663452,0.0,0.05975376069545746,0
659.2109375,15765,182,65.09804129600525,0.0,0.07747292518615723,0
660.86328125,15797,182,65.49019813537598,0.0,0.052911728620529175,0
662.5078125,15830,183,65.8823549747467,0.0,0.026478707790374756,0
664.13671875,15862,183,65.8823549747467,0.0,0.0021736384369432926,0
665.7578125,15894,184,65.8823549747467,0.0,-0.0,0
667.37890625,15925,184,65.8823549747467,0.0,-0.0,0
669.00390625,15957,185,65.8823549747467,0.0,-0.0,0
670.62109375,15988,185,65.8823549747467,0.0,-0.0,0
672.23046875,16020,186,65.8823549747467,0.0,0.011331325396895409,0
673.84375,16051,186,65.8823549747467,0.0,0.024608781561255455,0
675.4609375,16082,187,65.8823549747467,0.0,0.038466449826955795,0
677.1015625,16113,187,65.8823549747467,0.0,0.014271353371441364,0
678.74609375,16144,188,65.8823549747467,0.0,-0.0,0
680.39453125,16175,188,65.8823549747467,0.0,-0.0,0
682.0625,16207,189,65.8823549747467,0.0,-0.0,0
683.73046875,16238,189,66.27451181411743,0.0,-0.0,0
685.40625,16270,190,66.27451181411743,0.0,-0.0,0
687.0859375,16302,190,66.27451181411743,0.0,-0.0,0
688.76171875,16333,191,66.27451181411743,0.0,-0.0,0
690.4375,16365,191,66.27451181411743,0.0,0.01711282879114151,0
692.16796875,16396,192,66.27451181411743,0.0,0.03308168798685074,0
693.9140625,16428,192,66.66666865348816,0.0,0.052648842334747314,0
695.66796875,16461,193,66.66666865348816,0.0,0.0716855376958847,0
697.453125,16494,193,66.66666865348816,0.0,0.0900571197271347,0
699.24609375,16527,194,66.66666865348816,0.0,0.10286203771829605,0
701.046875,16560,194,67.05882549285889,0.0,0.07168088108301163,0
702.8515625,16593,194,67.05882549285889,0.0,0.043252140283584595,0
704.6484375,16626,195,67.45098233222961,0.0,0.017098616808652878,0
706.4375,16659,196,67.45098233222961,0.0,-0.0,0
708.23828125,16692,196,67.84313917160034,0.0,-0.0,0
710.01171875,16725,197,67.84313917160034,0.0,-0.0,0
711.796875,16757,197,68.23529601097107,0.0,-0.0,0
713.58203125,16789,198,68.23529601097107,0.0,-0.0,0
715.36328125,16822,198,68.23529601097107,0.0,-0.0,0
717.1171875,16854,199,68.6274528503418,0.0,-0.0,0
718.8671875,16886,199,68.6274528503418,0.0,-0.0,0
720.61328125,16917,200,68.6274528503418,0.0,-0.0,0
722.375,16948,200,68.6274528503418,0.0,-0.0,0
724.12890625,16980,200,68.6274528503418,0.0,-0.0,0
725.890625,17011,201,68.6274528503418,0.0,-0.0,0
727.66796875,17042,201,69.01960968971252,0.0,-0.0,0
729.44140625,17074,202,69.01960968971252,0.0,-0.0,0
731.2265625,17105,202,69.41176652908325,0.0,-0.0,0
733.03515625,17137,203,69.80392336845398,0.0,0.018792632967233658,0
734.85546875,17169,203,70.1960802078247,0.0,0.03844239562749863,0
736.69140625,17201,204,70.1960802078247,0.0,0.05753086134791374,0
738.52734375,17233,204,70.1960802078247,0.0,0.07603304833173752,0
740.36328125,17265,205,70.1960802078247,0.0,0.08902093768119812,0
742.20703125,17297,205,70.1960802078247,0.0,0.0605221763253212,0
744.05078125,17329,205,70.1960802078247,0.0,0.034367579966783524,0
745.89453125,17361,206,70.58823704719543,0.0,0.01017477922141552,0
747.73828125,17393,206,70.98039388656616,0.0,-0.0,0
749.58203125,17425,207,70.98039388656616,0.0,-0.0,0
751.46484375,17456,207,71.37255072593689,0.0,-0.0,0
753.359375,17489,208,71.37255072593689,0.0,-0.0,0
755.25390625,17521,208,71.76470756530762,0.0,-0.0,0
757.1953125,17554,209,71.76470756530762,0.0,-0.0,0
759.140625,17587,209,72.15686440467834,0.0,-0.0,0
761.0625,17620,210,72.15686440467834,0.0,-0.0,0
762.98046875,17653,210,72.54902124404907,0.0,-0.0,0
764.875,17686,211,72.9411780834198,0.0,0.019253965467214584,0
766.80078125,17718,211,73.33333492279053,0.0,0.03236875683069229,0
768.76171875,17751,212,73.72549176216125,0.0,0.04581510275602341,0
770.671875,17784,212,73.72549176216125,0.0,0.058326780796051025,0
772.57421875,17816,212,73.72549176216125,0.0,0.03279881179332733,0
774.49609375,17848,213,73.72549176216125,0.0,0.009229734539985657,0
776.421875,17880,213,73.72549176216125,0.0,-0.0,0
778.3515625,17913,214,73.72549176216125,0.0,-0.0,0
780.2421875,17945,214,73.72549176216125,0.0,-0.0,0
782.1171875,17977,215,73.72549176216125,0.0,-0.0,0
784.0546875,18008,215,73.72549176216125,0.0,-0.0,0
786.0,18040,216,73.72549176216125,0.0,-0.0,0
788.00390625,18072,216,74.11764860153198,0.0,-0.0,0
790.0,18106,217,74.50980544090271,0.0,-0.0,0
792.03125,18139,217,74.90196228027344,0.0,-0.0,0
794.04296875,18172,218,75.68627595901489,0.0,-0.0,0
796.07421875,18205,218,76.07843279838562,0.0,0.01806041970849037,0
798.046875,18239,218,76.07843279838562,0.0,0.0324825793504715,0
800.046875,18271,219,76.47058963775635,0.0,0.04703408107161522,0
802.0,18304,219,76.47058963775635,0.0,0.06376580893993378,0
803.97265625,18336,220,76.47058963775635,0.0,0.07436063885688782,0
805.93359375,18368,220,76.47058963775635,0.0,0.04783891886472702,0
807.9296875,18400,221,76.47058963775635,0.0,0.02355216257274151,0
809.921875,18433,221,76.07843279838562,0.0,0.0005410996964201331,0
811.91796875,18465,222,76.47058963775635,0.0,-0.0,0
813.91015625,18497,222,76.47058963775635,0.0,-0.0,0
815.91015625,18530,222,76.47058963775635,0.0,-0.0,0
817.91796875,18562,223,76.47058963775635,0.0,-0.0,0
819.9296875,18594,223,77.2549033164978,0.0,-0.0,0
821.95703125,18626,224,78.43137383460999,0.0,-0.0,0
823.984375,18659,224,79.60784435272217,0.0,-0.0,0
826.03125,18691,225,80.39215803146362,0.0,-0.0,0
828.09765625,18724,225,80.78431487083435,0.0,-0.0,0
830.18359375,18757,225,83.92156958580017,0.0,-0.0,0
832.28515625,18790,226,88.23529481887817,0.0,-0.0,0
834.41015625,18824,227,94.90196108818054,0.0,-0.0,0
836.57421875,18857,228,100.0,0.0,-0.0,0
838.76953125,18891,229,100.0,0.0,-0.0,0
840.98046875,18926,230,100.0,0.0,-0.0,0
843.1875,18960,230,100.0,0.0,-0.0,0
845.42578125,18994,231,100.0,0.0,-0.0,0
847.69140625,19029,232,100.0,0.0,-0.0,0
849.94140625,19064,233,100.0,0.0,-0.0,0
852.16796875,19099,234,100.0,0.0,-0.0,0
854.37109375,19133,235,100.0,0.0,-0.0,0
856.57421875,19166,236,100.0,0.0,-0.0,0
858.78125,19200,237,100.0,0.0,-0.0,0
860.9609375,19233,237,100.0,0.0,-0.0,0
863.12890625,19266,238,100.0,0.0,-0.0,0
865.328125,19299,239,100.0,0.0,-0.0,0
867.5390625,19332,240,100.0,0.0,-0.0,0
869.78125,19365,241,100.0,0.0,-0.0,0
872.03125,19398,241,100.0,0.0,-0.0,0
874.28515625,19432,242,100.0,0.0,-0.0,0
876.5390625,19465,243,100.0,0.0,-0.0,0
878.79296875,19499,244,100.0,0.0,-0.0,0
881.05078125,19532,244,100.0,0.0,-0.0,0
883.32421875,19565,245,100.0,0.0,-0.0,0
885.61328125,19598,246,100.0,0.0,-0.0,0
887.890625,19631,247,100.0,0.0,-0.0,0
890.17578125,19665,247,100.0,0.0,-0.0,0
892.47265625,19698,248,100.0,0.0,-0.0,0
894.76171875,19731,249,100.0,0.0,-0.0,0
897.046875,19764,250,100.0,0.0,-0.0,0
899.3125,19797,250,100.0,0.0,-0.0,0
901.55859375,19829,251,100.0,0.0,-0.0,0
903.8203125,19861,252,100.0,0.0,-0.0,0
906.09375,19894,252,100.0,0.0,-0.0,0
908.390625,19926,253,100.0,0.0,-0.0,0
910.69921875,19958,254,100.0,0.0,-0.0,0
913.01171875,19991,254,100.0,0.0,-0.0,0
915.33203125,20024,255,100.0,0.0,-0.0,0
917.65625,20056,256,100.0,0.0,-0.01140090823173523,0
919.98828125,20089,256,100.0,0.0,-0.023788942024111748,0
922.30859375,20122,257,100.0,0.0,-0.03786448761820793,0
924.60546875,20154,257,100.0,0.0,-0.0485323928296566,0
926.89453125,20186,258,100.0,0.0,-0.025424959138035774,0
929.18359375,20218,258,100.0,0.0,-0.0039364974945783615,0
931.47265625,20250,259,100.0,0.0,-0.0,0
933.7578125,20282,259,100.0,0.0,-0.0,0
936.03515625,20313,260,100.0,0.0,-0.0,0
938.328125,20345,260,100.0,0.0,-0.0,0
940.63671875,20376,261,100.0,0.0,-0.0,0
942.94921875,20408,261,100.0,0.0,-0.0,0
945.2734375,20440,262,100.0,0.0,-0.0,0
947.59765625,20472,263,100.0,0.0,-0.0,0
949.9140625,20503,263,100.0,0.0,-0.0,0
952.24609375,20535,264,100.0,0.0,-0.0,0
954.55859375,20567,264,100.0,0.0,-0.0,0
956.875,20598,265,100.0,0.0,-0.0,0
959.19921875,20630,265,100.0,0.0,-0.0,0
961.515625,20661,266,100.0,0.0,-0.0,0
963.84375,20692,266,100.0,0.0,-0.0,0
966.17578125,20724,267,100.0,0.0,-0.0,0
968.51171875,20755,268,100.0,0.0,-0.0,0
970.8671875,20786,268,100.0,0.0,-0.0,0
973.265625,20818,269,100.0,0.0,-0.0,0
975.6484375,20850,269,100.0,0.0,-0.019507646560668945,0
978.03125,20882,270,100.0,0.0,-0.03410846367478371,0
980.42578125,20913,270,100.0,0.0,-0.05032575875520706,0
982.8203125,20945,271,100.0,0.0,-0.06387243419885635,0
985.2265625,20977,271,100.0,0.0,-0.07641523331403732,0
987.62890625,21009,271,100.0,0.0,-0.05383165180683136,0
990.0,21041,272,100.0,0.0,-0.02934897132217884,0
992.390625,21072,272,100.0,0.0,-0.007404228672385216,0
994.79296875,21104,273,100.0,0.0,-0.0,0
997.1953125,21135,273,100.0,0.0,-0.0,0
999.609375,21167,274,100.0,0.0,-0.0,0
1002.02734375,21199,274,100.0,0.0,-0.010203422978520393,0
1004.4453125,21230,275,100.0,0.0,-0.02440296672284603,0
1006.8671875,21262,275,100.0,0.0,-0.04187033325433731,0
1009.30859375,21294,275,100.0,0.0,-0.0582437738776207,0
1011.74609375,21326,276,100.0,0.0,-0.07122425734996796,0
1014.18359375,21358,276,100.0,0.0,-0.08132277429103851,0
1016.63671875,21390,276,100.0,0.0,-0.05682750791311264,0
1019.078125,21422,277,100.0,0.0,-0.03148758411407471,0
1021.5234375,21453,277,100.0,0.0,-0.008698521181941032,0
1023.97265625,21485,278,100.0,0.0,-0.0,0
1026.40234375,21517,278,100.0,0.0,-0.0,0
1028.83984375,21549,278,100.0,0.0,-0.0008017448708415031,0
1031.28125,21580,279,100.0,0.0,-0.011486277915537357,0
1033.73046875,21612,279,100.0,0.0,-0.02531614527106285,0
1036.453125,21644,279,100.0,0.0,-0.04312486946582794,0
1039.171875,21679,280,100.0,0.0,-0.03935816511511803,0
1041.890625,21713,280,100.0,0.0,-0.014588057063519955,0
1044.6328125,21748,280,100.0,0.0,-0.0,0
1047.40625,21783,280,100.0,0.0,-0.0,0
1050.203125,21818,281,100.0,0.0,-0.0,0
1053.015625,21853,281,100.0,0.0,-0.0,0
1055.59765625,21889,281,100.0,0.0,-0.012840602546930313,0
1058.2265625,21921,281,100.0,0.0,-0.027684858068823814,0
1060.91015625,21954,281,100.0,0.0,-0.0413464680314064,0
1063.59375,21987,282,100.0,0.0,-0.05574493482708931,0
1066.2734375,22020,282,100.0,0.0,-0.042919401079416275,0
1068.94140625,22053,282,100.0,0.0,-0.018437489867210388,0
1071.66015625,22086,282,100.0,0.0,-0.0017643178580328822,0
1074.41015625,22120,282,100.0,0.0,-0.0,0
1077.15234375,22154,282,100.0,0.0,-0.0,0
1079.91015625,22189,283,100.0,0.0,-0.0,0
1082.64453125,22223,283,100.0,0.0,-0.0,0
1085.34375,22258,283,100.0,0.0,-0.0,0
1088.015625,22292,283,100.0,0.0,-0.0,0
1090.625,22326,283,100.0,0.0,-0.0,0
1093.21484375,22360,283,100.0,0.0,-0.0,0
1095.78515625,22393,283,100.0,0.0,-0.0,0
1098.33203125,22426,283,100.0,0.0,-0.0,0
1100.85546875,22458,283,100.0,0.0,-0.0,0
1103.3671875,22490,283,100.0,0.0,-0.0,0
1105.89453125,22522,283,100.0,0.0,-0.0,0
1108.42578125,22554,283,100.0,0.0,-0.0,0
1110.94921875,22587,283,100.0,0.0,-0.0,0
1113.4921875,22619,282,100.0,0.0,-0.0,0
1116.03125,22652,282,100.0,0.0,-0.0,0
1118.58984375,22684,282,100.0,0.0,0.0031869534868746996,0
1121.1484375,22717,282,100.0,0.0,0.015310048125684261,0
1123.77734375,22750,281,100.0,0.0,0.03526468947529793,0
1126.42578125,22783,281,100.0,0.0,0.05475449562072754,0
1129.06640625,22816,281,100.0,0.0,0.07370389252901077,0
1131.71484375,22848,281,100.0,0.0,0.09200450778007507,0
1134.36328125,22881,280,100.0,0.0,0.10995159298181534,0
1137.00390625,22914,280,100.0,0.0,0.1272616684436798,0
1139.65625,22947,280,100.0,0.0,0.143985316157341,0
1142.33984375,22980,279,100.0,0.0,0.1603369563817978,0
1145.03515625,23014,279,100.0,0.0,0.17676454782485962,0
1147.72265625,23047,278,100.0,0.0,0.19329622387886047,0
1150.3984375,23081,277,100.0,0.0,0.20979323983192444,0
1153.05078125,23114,276,100.0,0.0,0.22623510658740997,0
1155.6796875,23147,275,100.0,0.0,0.24252371490001678,0
1158.27734375,23180,274,100.0,0.0,0.2585335075855255,0
1160.84765625,23214,273,100.0,0.0,0.2711959481239319,0
1163.40625,23246,272,100.0,0.0,0.259213924407959,0
1165.96875,23279,271,100.0,0.0,0.25384050607681274,0
1168.51953125,23312,271,100.0,0.0,0.26513567566871643,0
1171.0703125,23345,270,100.0,0.0,0.25453463196754456,0
1173.60546875,23378,270,100.0,0.0,0.25454309582710266,0
1176.10546875,23411,269,100.0,0.0,0.22782279551029205,0
1178.6015625,23444,269,100.0,0.0,0.23006942868232727,0
1181.07421875,23477,268,100.0,0.0,0.24292582273483276,0
1183.53125,23510,268,100.0,0.0,0.2590376138687134,0
1185.98828125,23543,268,100.0,0.0,0.27463915944099426,0
1188.4453125,23575,267,100.0,0.0,0.289929062128067,0
1190.89453125,23608,267,100.0,0.0,0.24621199071407318,0
1193.3359375,23641,266,100.0,0.0,0.2091071456670761,0
1195.77734375,23673,266,100.0,0.0,0.17404530942440033,0
1198.2265625,23706,266,100.0,0.0,0.1409045159816742,0
1200.6796875,23739,266,100.0,0.0,0.10939683765172958,0
1203.1171875,23771,266,100.0,0.0,0.07953236997127533,0
1205.54296875,23804,266,100.0,0.0,0.0522947832942009,0
1207.97265625,23836,266,100.0,0.0,0.06457030028104782,0
1210.4140625,23869,266,100.0,0.0,0.08200955390930176,0
1212.859375,23902,266,100.0,0.0,0.09767968952655792,0
1215.30078125,23934,266,100.0,0.0,0.11412516981363297,0
1217.74609375,23967,266,100.0,0.0,0.0846610739827156,0
1220.203125,23999,266,100.0,0.0,0.056330204010009766,0
1222.65234375,24032,267,100.0,0.0,0.029812999069690704,0
1225.08984375,24065,267,100.0,0.0,0.004927142523229122,0
1227.515625,24097,267,100.0,0.0,-0.0,0
1229.93359375,24130,268,100.0,0.0,-0.0,0
1232.3515625,24162,268,100.0,0.0,-0.0,0
1234.765625,24194,268,100.0,0.0,-0.0,0
1237.1796875,24226,269,100.0,0.0,-0.0,0
1239.59375,24259,269,100.0,0.0,0.01059042476117611,0
1242.0078125,24291,269,100.0,0.0,0.0228569358587265,0
1244.42578125,24323,270,100.0,0.0,0.03587496653199196,0
1246.8359375,24355,270,100.0,0.0,0.04725814610719681,0
1249.2578125,24388,270,100.0,0.0,0.024794235825538635,0
1251.6875,24420,271,100.0,0.0,0.002558278851211071,0
1254.1171875,24452,271,100.0,0.0,-0.0,0
1256.546875,24485,271,100.0,0.0,-0.0,0
1258.98828125,24517,272,100.0,0.0,-0.0,0
1261.4453125,24549,272,100.0,0.0,-0.0,0
1263.92578125,24582,272,100.0,0.0,-0.01841355301439762,0
1266.3984375,24615,273,100.0,0.0,-0.03147883340716362,0
1268.875,24647,273,100.0,0.0,-0.04392681270837784,0
1271.3828125,24680,273,100.0,0.0,-0.05609947070479393,0
1273.94921875,24713,274,100.0,0.0,-0.06762892752885818,0
1276.51171875,24745,274,100.0,0.0,-0.07889414578676224,0
1279.06640625,24778,274,100.0,0.0,-0.08957166969776154,0
1281.609375,24811,274,100.0,0.0,-0.09983287751674652,0
1284.1640625,24843,274,100.0,0.0,-0.07629071176052094,0
1286.73046875,24876,274,100.0,0.0,-0.05178149417042732,0
1289.3203125,24908,275,100.0,0.0,-0.028750024735927582,0
1291.94140625,24941,275,100.0,0.0,-0.03962677717208862,0
1294.56640625,24974,275,100.0,0.0,-0.053750984370708466,0
1297.1953125,25007,275,100.0,0.0,-0.06718440353870392,0
1299.8203125,25040,275,100.0,0.0,-0.08203069865703583,0
1302.3984375,25073,276,100.0,0.0,-0.09338665008544922,0
1304.953125,25106,276,100.0,0.0,-0.10686932504177094,0
1307.48828125,25139,276,100.0,0.0,-0.11790958791971207,0
1310.01953125,25171,276,100.0,0.0,-0.09438072890043259,0
1312.546875,25204,276,100.0,0.0,-0.06799358874559402,0
1315.0859375,25237,276,100.0,0.0,-0.04361652582883835,0
1317.625,25269,276,100.0,0.0,-0.05369310453534126,0
1320.16796875,25302,276,100.0,0.0,-0.06830766797065735,0
1322.7109375,25335,277,100.0,0.0,-0.08167046308517456,0
1325.24609375,25368,277,100.0,0.0,-0.09452361613512039,0
1327.7578125,25401,277,100.0,0.0,-0.10965786874294281,0
1330.25390625,25433,277,100.0,0.0,-0.12257009744644165,0
1332.74609375,25466,277,100.0,0.0,-0.09557376056909561,0
1335.25,25498,277,100.0,0.0,-0.06060506030917168,0
1337.75390625,25531,277,100.0,0.0,-0.030835581943392754,0
1340.2578125,25563,277,100.0,0.0,-0.005987987853586674,0
1342.76953125,25596,277,100.0,0.0,-0.0,0
1345.28125,25628,277,100.0,0.0,-0.0,0
1347.796875,25661,278,100.0,0.0,-0.0,0
1350.30859375,25693,278,100.0,0.0,-0.0,0
1352.8203125,25726,278,100.0,0.0,-0.0,0
1355.328125,25758,279,100.0,0.0,-0.0,0
1357.84765625,25791,279,100.0,0.0,-0.0,0
1360.3828125,25823,279,100.0,0.0,-0.0,0
1362.91796875,25856,279,100.0,0.0,-0.0,0
1365.45703125,25888,280,100.0,0.0,-0.0,0
1368.0078125,25921,280,100.0,0.0,-0.0,0
1370.55078125,25954,280,100.0,0.0,-0.0,0
1373.08984375,25986,280,100.0,0.0,-0.0,0
1375.62109375,26019,281,100.0,0.0,-0.0,0
1378.140625,26051,281,100.0,0.0,-0.0,0
1380.66015625,26083,282,100.0,0.0,-0.0,0
1383.17578125,26116,282,100.0,0.0,-0.0,0
1385.6953125,26148,282,100.0,0.0,-0.0,0
1388.25390625,26180,283,100.0,0.0,-0.0,0
1390.796875,26212,283,100.0,0.0,-0.0,0
1393.34375,26244,283,100.0,0.0,-0.0,0
1395.90625,26277,284,100.0,0.0,-0.0,0
1398.46875,26309,284,100.0,0.0,-0.0,0
1401.0390625,26341,285,100.0,0.0,-0.0,0
1403.60546875,26374,285,100.0,0.0,-0.0,0
1406.14453125,26406,285,100.0,0.0,-0.0,0
1408.7109375,26438,286,100.0,0.0,-0.0,0
1411.29296875,26471,286,100.0,0.0,-0.0,0
1413.8671875,26503,286,100.0,0.0,-0.0,0
1416.484375,26535,287,100.0,0.0,-0.016303787007927895,0
1419.09375,26568,287,100.0,0.0,-0.029905468225479126,0
1421.6953125,26601,287,100.0,0.0,-0.04382513090968132,0
1424.31640625,26633,287,100.0,0.0,-0.06007065996527672,0
1427.10546875,26666,288,100.0,0.0,-0.0701717734336853,0
1429.89453125,26701,288,100.0,0.0,-0.043728653341531754,0
1432.69921875,26736,288,100.0,0.0,-0.01926952600479126,0
1435.45703125,26771,288,100.0,0.0,-0.0029331641271710396,0
1438.2265625,26805,289,100.0,0.0,-0.0,0
1441.03125,26840,289,100.0,0.0,-0.0,0
1443.8515625,26874,289,100.0,0.0,-0.0,0
1446.5,26909,290,100.0,0.0,-0.0,0
1449.16796875,26942,290,100.0,0.0,-0.0,0
1451.82421875,26975,290,100.0,0.0,-0.0,0
1454.51171875,27008,290,100.0,0.0,-0.0,0
1457.203125,27042,291,100.0,0.0,-0.0,0
1459.890625,27075,291,100.0,0.0,-0.0,0
1462.57421875,27108,291,100.0,0.0,-0.0,0
1465.26953125,27141,291,100.0,0.0,-0.0,0
1467.95703125,27174,291,100.0,0.0,-0.0,0
1470.64453125,27208,291,100.0,0.0,-0.0,0
1473.33984375,27241,292,100.0,0.0,-0.0,0
1476.03125,27274,292,100.0,0.0,-0.0,0
1478.71875,27307,292,100.0,0.0,-0.0,0
1481.39453125,27340,292,100.0,0.0,-0.0,0
1484.0703125,27373,293,100.0,0.0,-0.0,0
1486.76171875,27406,293,100.0,0.0,-0.0,0
1489.44921875,27439,293,100.0,0.0,0.0016226023435592651,0
1492.13671875,27472,293,100.0,0.0,0.011263685300946236,0
1494.83203125,27505,293,100.0,0.0,0.02331782877445221,0
1497.53125,27538,294,100.0,0.0,0.0399678498506546,0
1500.22265625,27571,294,100.0,0.0,0.05612877383828163,0
1502.91015625,27604,294,100.0,0.0,0.07165978848934174,0
1505.58984375,27637,294,100.0,0.0,0.08087921142578125,0
1508.27734375,27669,294,100.0,0.0,0.05642567574977875,0
1510.99609375,27702,294,100.0,0.0,0.03404899686574936,0
1513.73046875,27735,294,100.0,0.0,0.01302512176334858,0
1516.46484375,27769,294,100.0,0.0,-0.0,0
1519.21875,27802,295,100.0,0.0,-0.0,0
1521.9921875,27836,295,100.0,0.0,-0.0,0
1524.7734375,27870,295,100.0,0.0,-0.0,0
1527.5625,27903,295,100.0,0.0,-0.0,0
1530.33984375,27937,295,100.0,0.0,-0.0,0
1533.1171875,27971,295,100.0,0.0,-0.0,0
1535.89453125,28005,296,100.0,0.0,-0.0,0
1538.6796875,28039,296,100.0,0.0,-0.0,0
1541.46875,28073,296,100.0,0.0,-0.0,0
1544.2578125,28107,296,100.0,0.0,-0.0,0
1547.05859375,28140,296,100.0,0.0,-0.0,0
1549.8828125,28174,296,100.0,0.0,-0.0,0
1552.703125,28208,297,100.0,0.0,-0.0,0
1555.51953125,28243,297,100.0,0.0,-0.0,0
1558.328125,28277,297,100.0,0.0,-0.0,0
1561.1328125,28311,297,100.0,0.0,-0.0,0
1563.9453125,28345,297,100.0,0.0,-0.0,0
1566.78125,28379,297,100.0,0.0,-0.0,0
1569.578125,28412,297,100.0,0.0,-0.0,0
1572.3671875,28446,298,100.0,0.0,0.014595628716051579,0
1575.171875,28479,298,100.0,0.0,0.02660595066845417,0
1577.98046875,28513,298,100.0,0.0,0.04339562729001045,0
1580.8046875,28547,298,100.0,0.0,0.05969655141234398,0
1583.6796875,28580,298,100.0,0.0,0.07547839730978012,0
1586.58203125,28615,298,100.0,0.0,0.09091988950967789,0
1589.48828125,28649,298,100.0,0.0,0.06687220931053162,0
1592.4140625,28684,298,100.0,0.0,0.04227399080991745,0
1595.34375,28719,298,100.0,0.0,0.01953485980629921,0
1598.2578125,28754,298,100.0,0.0,0.0038177699316293,0
1601.1640625,28789,298,100.0,0.0,-0.0,0
1604.03515625,28823,298,100.0,0.0,-0.0,0
1606.8671875,28858,298,100.0,0.0,-0.0,0
1609.7109375,28892,298,100.0,0.0,0.010792041197419167,0
1612.5625,28926,298,100.0,0.0,0.02277059480547905,0
1615.41015625,28960,299,100.0,0.0,0.035522229969501495,0
1618.27734375,28994,299,100.0,0.0,0.026080414652824402,0
1621.1640625,29028,299,100.0,0.0,0.004455390386283398,0
1624.03515625,29062,299,100.0,0.0,-0.0,0
1626.90234375,29097,299,100.0,0.0,-0.0,0
1629.78125,29131,299,100.0,0.0,0.010270286351442337,0
1632.66015625,29165,299,100.0,0.0,0.025212131440639496,0
1635.53515625,29199,299,100.0,0.0,0.043073222041130066,0
1638.42578125,29234,299,100.0,0.0,0.06036543846130371,0
1641.28515625,29268,299,100.0,0.0,0.07323424518108368,0
1644.15234375,29302,299,100.0,0.0,0.05027331784367561,0
1647.0234375,29336,299,100.0,0.0,0.02686420828104019,0
1649.890625,29371,300,100.0,0.0,0.004980577155947685,0
1652.74609375,29405,300,100.0,0.0,-0.0,0
1655.60546875,29439,300,100.0,0.0,0.009510025382041931,0
1658.4453125,29473,300,100.0,0.0,0.02136491984128952,0
1661.3046875,29507,300,100.0,0.0,0.03691340610384941,0
1664.17578125,29542,300,100.0,0.0,0.0547189936041832,0
1667.0234375,29576,300,100.0,0.0,0.06871163845062256,0
1669.85546875,29610,300,100.0,0.0,0.043949536979198456,0
1672.69140625,29644,300,100.0,0.0,0.021117333322763443,0
1675.5234375,29678,300,100.0,0.0,-0.0,0
1678.34765625,29712,300,100.0,0.0,-0.0,0
1681.16796875,29746,300,100.0,0.0,-0.0,0
1683.96875,29780,300,100.0,0.0,0.009666713885962963,0
1686.77734375,29813,300,100.0,0.0,0.02115669846534729,0
1689.5859375,29847,300,100.0,0.0,0.034221403300762177,0
1692.390625,29880,301,100.0,0.0,0.04696246609091759,0
1695.203125,29914,301,100.0,0.0,0.024630378931760788,0
1698.00390625,29948,301,100.0,0.0,0.003673527855426073,0
1700.796875,29981,301,100.0,0.0,-0.0,0
1703.6328125,30015,301,100.0,0.0,-0.0,0
1706.4375,30048,301,100.0,0.0,-0.0,0
1709.24609375,30082,301,100.0,0.0,-0.0,0
1712.06640625,30115,301,100.0,0.0,-0.0,0
1714.87109375,30149,301,100.0,0.0,-0.0,0
1717.69140625,30183,301,100.0,0.0,-0.0,0
1720.515625,30216,301,100.0,0.0,-0.0,0
1723.32421875,30250,302,100.0,0.0,-0.0,0
1726.16796875,30283,302,100.0,0.0,-0.0,0
1729.02734375,30317,302,100.0,0.0,-0.0,0
1731.8828125,30351,302,100.0,0.0,-0.0,0
1734.75,30385,302,100.0,0.0,-0.0,0
1737.62109375,30419,302,100.0,0.0,-0.0,0
1740.48828125,30454,302,100.0,0.0,-0.0,0
1743.3515625,30488,302,100.0,0.0,-0.0,0
1746.21484375,30522,302,100.0,0.0,-0.0,0
1749.05859375,30556,302,100.0,0.0,-0.0,0
1751.8984375,30590,303,100.0,0.0,-0.0,0
1754.7265625,30623,303,100.0,0.0,-0.0,0
1757.55078125,30657,303,100.0,0.0,-0.0,0
1760.3671875,30690,303,100.0,0.0,-0.0,0
1763.1796875,30724,303,100.0,0.0,-0.0,0
1766.0078125,30757,303,100.0,0.0,-0.0,0
1768.84375,30791,303,100.0,0.0,-0.0,0
1771.66796875,30824,303,100.0,0.0,-0.0,0
1774.5078125,30858,303,100.0,0.0,-0.0,0
1777.34375,30891,303,100.0,0.0,-0.0,0
1780.18359375,30925,304,100.0,0.0,-0.0,0
1783.01171875,30959,304,100.0,0.0,-0.0,0
1785.859375,30992,304,100.0,0.0,-0.0,0
1788.69921875,31026,304,100.0,0.0,-0.0,0
1791.53515625,31059,304,100.0,0.0,-0.0,0
1794.375,31093,304,100.0,0.0,0.0007025023805908859,0
1797.21875,31127,304,100.0,0.0,0.009785903617739677,0
1800.0625,31160,304,100.0,0.0,0.018878571689128876,0
1802.921875,31194,304,100.0,0.0,0.004454541951417923,0
1805.75,31228,304,100.0,0.0,-0.0,0
1808.61328125,31261,304,100.0,0.0,-0.0,0
1811.4921875,31295,305,100.0,0.0,-0.0,0
1814.3671875,31329,305,100.0,0.0,-0.0,0
1817.25,31363,305,100.0,0.0,-0.0,0
1820.13671875,31397,305,100.0,0.0,-0.0,0
1823.015625,31431,305,100.0,0.0,-0.0,0
1825.88671875,31465,305,100.0,0.0,0.009997842833399773,0
1828.765625,31498,305,100.0,0.0,0.020976893603801727,0
1831.6640625,31532,305,100.0,0.0,0.0010003980714827776,0
1834.5703125,31566,305,100.0,0.0,-0.0,0
1837.48046875,31601,305,100.0,0.0,-0.0,0
1840.3984375,31635,305,100.0,0.0,-0.0,0
1843.4296875,31669,305,100.0,0.0,-0.0,0
1846.4609375,31705,306,100.0,0.0,-0.0,0
1849.515625,31741,306,100.0,0.0,-0.0,0
1852.50390625,31777,306,100.0,0.0,-0.0,0
1855.51171875,31812,306,100.0,0.0,-0.0,0
1858.48828125,31847,306,100.0,0.0,-0.0,0
1861.4609375,31882,306,100.0,0.0,-0.0,0
1864.33984375,31917,306,100.0,0.0,-0.0,0
1867.22265625,31951,306,100.0,0.0,-0.0,0
1870.0625,31985,306,100.0,0.0,-0.0,0
1872.94140625,32018,306,100.0,0.0,-0.0,0
1875.79296875,32052,306,100.0,0.0,-0.0,0
1878.6796875,32085,306,100.0,0.0,-0.0,0
1881.55859375,32119,307,100.0,0.0,-0.0,0
1884.43359375,32153,307,100.0,0.0,-0.0,0
1887.296875,32186,307,100.0,0.0,-0.0,0
1890.16015625,32220,307,100.0,0.0,-0.0,0
1893.0234375,32253,307,100.0,0.0,-0.0,0
1895.87890625,32287,307,100.0,0.0,-0.0,0
1898.7265625,32320,307,100.0,0.0,-0.0,0
1901.57421875,32354,307,100.0,0.0,-0.0,0
1904.41015625,32387,307,100.0,0.0,-0.0,0
1907.2578125,32420,307,100.0,0.0,-0.0,0
1910.109375,32454,307,100.0,0.0,0.004451361950486898,0
1912.953125,32487,307,100.0,0.0,0.014866061508655548,0
1915.8046875,32520,307,100.0,0.0,0.024361031129956245,0
1918.6484375,32553,307,100.0,0.0,0.0047504594549536705,0
1921.5,32587,308,100.0,0.0,-0.0,0
1924.32421875,32620,308,100.0,0.0,-0.0,0
1927.12890625,32653,308,100.0,0.0,-0.0,0
1929.91796875,32686,308,100.0,0.0,-0.0,0
1932.73046875,32718,308,100.0,0.0,-0.0,0
1935.5390625,32751,308,100.0,0.0,-0.0,0
1938.3359375,32784,308,100.0,0.0,-0.0,0
1941.12890625,32817,308,100.0,0.0,-0.0,0
1943.9375,32849,308,100.0,0.0,-0.0,0
1946.75,32882,308,100.0,0.0,-0.0,0
1949.5625,32915,308,100.0,0.0,-0.009757667779922485,0
1952.359375,32948,308,100.0,0.0,-0.026158437132835388,0
1955.15234375,32980,308,100.0,0.0,-0.0042917924001812935,0
1957.953125,33013,308,100.0,0.0,-0.0,0
1960.7578125,33045,308,100.0,0.0,-0.0,0
1963.58203125,33078,309,100.0,0.0,-0.0,0
1966.41015625,33111,309,100.0,0.0,-0.0,0
1969.23828125,33144,309,100.0,0.0,-0.0,0
1972.0859375,33177,309,100.0,0.0,-0.0,0
1974.93359375,33210,309,100.0,0.0,-0.0,0
1977.7890625,33243,309,100.0,0.0,-0.0,0
1980.640625,33276,309,100.0,0.0,-0.0,0
1983.484375,33309,309,100.0,0.0,-0.0,0
1986.34765625,33342,309,100.0,0.0,-0.0,0
1989.2265625,33376,309,100.0,0.0,-0.0,0
1992.08984375,33409,309,100.0,0.0,-0.0,0
1994.96484375,33442,309,100.0,0.0,-0.0,0
1997.84765625,33476,309,100.0,0.0,-0.0,0
2000.7265625,33509,309,100.0,0.0,-0.0,0
2003.6015625,33543,309,100.0,0.0,-0.0,0
2006.4609375,33576,309,100.0,0.0,-0.0,0
2009.3359375,33609,310,100.0,0.0,-0.0,0
2012.2109375,33643,310,100.0,0.0,-0.0,0
2015.07421875,33676,310,100.0,0.0,-0.0,0
2017.94921875,33709,310,100.0,0.0,-0.0,0
2020.82421875,33743,310,100.0,0.0,-0.0,0
2023.703125,33776,310,100.0,0.0,-0.0,0
2026.578125,33810,310,100.0,0.0,-0.0,0
2029.4375,33843,310,100.0,0.0,-0.0,0
2032.3125,33876,310,100.0,0.0,-0.0,0
2035.1875,33909,310,100.0,0.0,-0.0,0
2038.05078125,33943,310,100.0,0.0,-0.008935689926147461,0
2040.94140625,33976,310,100.0,0.0,-0.02018589898943901,0
2043.8203125,34009,310,100.0,0.0,-0.0007073504966683686,0
2046.6953125,34043,310,100.0,0.0,-0.0,0
2049.5703125,34076,310,100.0,0.0,-0.0,0
2052.43359375,34109,310,100.0,0.0,-0.0,0
2055.3046875,34142,310,100.0,0.0,-0.0,0
2058.1796875,34176,310,100.0,0.0,-0.0,0
2061.02734375,34209,311,100.0,0.0,-0.0,0
2063.8828125,34242,311,100.0,0.0,-0.0,0
2066.75,34275,311,100.0,0.0,-0.0,0
2069.61328125,34308,311,100.0,0.0,-0.0,0
2072.4921875,34341,311,100.0,0.0,-0.0,0
2075.37109375,34374,311,100.0,0.0,-0.0,0
2078.25390625,34408,311,100.0,0.0,-0.0,0
2081.1484375,34441,311,100.0,0.0,-0.0,0
2084.0546875,34475,311,100.0,0.0,-0.0,0
2086.9609375,34508,311,100.0,0.0,-0.0,0
2089.859375,34542,311,100.0,0.0,-0.0,0
2092.74609375,34575,311,100.0,0.0,-0.0,0
2095.62109375,34609,311,100.0,0.0,-0.0,0
2098.4921875,34642,311,100.0,0.0,-0.0,0
2101.37890625,34675,311,100.0,0.0,-0.0,0
2104.265625,34708,311,100.0,0.0,-0.0,0
2107.13671875,34741,311,100.0,0.0,-0.0,0
2110.015625,34775,311,100.0,0.0,-0.0,0
2112.88671875,34808,311,100.0,0.0,-0.0,0
2115.7578125,34841,312,100.0,0.0,-0.0,0
2118.625,34874,312,100.0,0.0,-0.0,0
2121.46484375,34907,312,100.0,0.0,-0.0,0
2124.3125,34940,312,100.0,0.0,0.0007039249176159501,0
2127.16015625,34973,312,100.0,0.0,0.00979975052177906,0
2130.0,35005,312,100.0,0.0,0.01880967989563942,0
2132.84375,35038,312,100.0,0.0,0.005033415742218494,0
2135.6796875,35071,312,100.0,0.0,-0.0,0
2138.51171875,35104,312,100.0,0.0,-0.0,0
2141.33203125,35136,312,100.0,0.0,-0.0,0
2144.12890625,35169,312,100.0,0.0,-0.0,0
2146.9296875,35201,312,100.0,0.0,-0.0,0
2149.7265625,35233,312,100.0,0.0,-0.0,0
2152.51953125,35266,312,100.0,0.0,-0.0,0
2155.3203125,35298,312,100.0,0.0,-0.0,0
2158.12890625,35330,312,100.0,0.0,-0.0,0
2160.94140625,35362,312,100.0,0.0,-0.0,0
2163.75390625,35395,312,100.0,0.0,-0.0,0
2166.5625,35427,312,100.0,0.0,-0.0,0
2169.375,35459,312,100.0,0.0,-0.0,0
2172.1875,35492,312,100.0,0.0,0.013473507948219776,0
2174.98828125,35524,312,100.0,0.0,0.022365160286426544,0
2177.79296875,35556,313,100.0,0.0,0.0035957880318164825,0
2180.6015625,35589,313,100.0,0.0,-0.0,0
2183.41796875,35621,313,100.0,0.0,-0.0,0
2186.25390625,35653,313,100.0,0.0,-0.0,0
2189.08203125,35686,313,100.0,0.0,-0.0,0
2191.9140625,35719,313,100.0,0.0,-0.0,0
2194.74609375,35751,313,100.0,0.0,-0.0,0
2197.57421875,35784,313,100.0,0.0,-0.0,0
2200.40625,35816,313,100.0,0.0,-0.0,0
2203.2421875,35849,313,100.0,0.0,-0.0,0
2206.078125,35881,313,100.0,0.0,-0.0,0
2208.92578125,35914,313,100.0,0.0,-0.0,0
2211.7890625,35946,313,100.0,0.0,-0.010186247527599335,0
2214.65625,35979,313,100.0,0.0,-0.022089412435889244,0
2217.5234375,36012,313,100.0,0.0,-0.035573430359363556,0
2220.375,36045,313,100.0,0.0,-0.0452103428542614,0
2223.22265625,36078,313,100.0,0.0,-0.024406109005212784,0
2226.05859375,36111,313,100.0,0.0,-0.004820189438760281,0
2228.87890625,36143,313,100.0,0.0,-0.0,0
2231.68359375,36176,313,100.0,0.0,-0.0,0
2234.4765625,36208,313,100.0,0.0,-0.0,0
2237.28125,36240,313,100.0,0.0,-0.0,0
2240.0859375,36272,313,100.0,0.0,-0.0,0
2242.90625,36304,313,100.0,0.0,-0.0,0
2245.73828125,36337,313,100.0,0.0,-0.0,0
2248.5703125,36369,313,100.0,0.0,-0.0,0
2251.3984375,36402,313,100.0,0.0,-0.0,0
2254.23046875,36434,313,100.0,0.0,-0.0,0
2257.0546875,36466,314,100.0,0.0,-0.0,0
2259.87890625,36499,314,100.0,0.0,-0.0,0
2262.6875,36531,314,100.0,0.0,-0.0,0
2265.484375,36563,314,100.0,0.0,-0.0,0
2268.28125,36595,314,100.0,0.0,-0.0,0
2271.08203125,36627,314,100.0,0.0,-0.0,0
2274.015625,36660,314,100.0,0.0,-0.0,0
2276.94921875,36693,314,100.0,0.0,-0.0,0
2279.92578125,36727,314,100.0,0.0,-0.0,0
2282.87109375,36761,314,100.0,0.0,0.015198852866888046,0
2285.85546875,36795,314,100.0,0.0,0.026372022926807404,0
2288.80859375,36829,314,100.0,0.0,0.035367466509342194,0
2291.7578125,36863,314,100.0,0.0,0.014901296235620975,0
2294.578125,36896,314,100.0,0.0,0.0007841058541089296,0
2297.39453125,36929,314,100.0,0.0,-0.0,0
2300.16796875,36961,314,100.0,0.0,-0.0,0
2302.98046875,36993,314,100.0,0.0,-0.0,0
2305.75390625,37025,314,100.0,0.0,-0.0,0
2308.56640625,37056,314,100.0,0.0,-0.0,0
2311.3984375,37089,314,100.0,0.0,-0.0,0
2314.25390625,37121,314,100.0,0.0,-0.0,0
2317.10546875,37154,314,100.0,0.0,-0.0,0
2319.96875,37186,314,100.0,0.0,-0.01386981550604105,0
2322.828125,37219,314,100.0,0.0,-0.0002155592228518799,0
2325.65625,37246,312,98.03921580314636,97.08746671676636,-0.0,0
2328.45703125,37279,308,14.901961386203766,100.0,-0.0,0
2331.22265625,37312,303,0.0,100.0,-0.0,0
2333.9453125,37345,298,0.0,100.0,-0.0,0
2336.640625,37378,294,0.0,100.0,-0.0,0
2339.296875,37411,290,0.0,100.0,-0.0,0
2341.93359375,37445,285,0.0,100.0,-0.0,0
2344.51953125,37478,281,0.0,100.0,-0.0,0
2347.0625,37512,276,0.0,100.0,-0.0,0
2349.5703125,37545,272,0.0,100.0,-0.0,0
2352.0,37578,267,0.0,100.0,-0.0,0
2354.3828125,37611,263,0.0,100.0,-0.0,0
2356.71875,37644,258,0.0,100.0,-0.0,0
2358.98828125,37677,254,0.0,100.0,-0.0,0
2361.2421875,37710,250,0.0,100.0,-0.0,0
2363.43359375,37742,245,0.0,100.0,-0.0,0
2365.56640625,37775,241,0.0,100.0,-0.0,0
2367.6796875,37807,237,0.0,100.0,-0.0,0
2369.75,37839,232,0.0,100.0,0.0020405477844178677,0
2371.79296875,37872,228,0.0,100.0,0.014627203345298767,0
2373.78515625,37904,224,0.0,100.0,0.03121773526072502,0
2375.73046875,37937,220,0.0,100.0,0.05377599224448204,0
2377.6640625,37969,216,0.0,100.0,0.07586551457643509,0
2379.55859375,38001,213,0.0,100.0,0.09774260222911835,0
2381.421875,38034,209,0.0,100.0,0.11919920146465302,0
2383.2734375,38066,206,0.0,100.0,0.14024986326694489,0
2385.11328125,38098,204,0.0,100.0,0.16116532683372498,0
2386.92578125,38131,201,0.0,100.0,0.1818225085735321,0
2388.7109375,38164,199,0.0,100.0,0.2023816555738449,0
2390.46484375,38197,196,0.0,100.0,0.22256635129451752,0
2392.19140625,38229,194,0.0,100.0,0.24245405197143555,0
2393.890625,38261,191,0.0,100.0,0.20409156382083893,0
2395.5546875,38294,190,0.0,45.69705128669739,0.1629723608493805,0
2397.18359375,38326,188,0.0,0.0,0.12447194010019302,0
2398.7890625,38358,188,0.0,0.0,0.0885288417339325,0
2400.38671875,38389,187,0.0,0.0,0.0565350241959095,0
2401.9765625,38421,186,0.0,0.0,0.07101913541555405,0
2403.5625,38452,185,0.0,0.0,0.0950411707162857,0
2405.1484375,38484,185,0.0,0.0,0.11840454488992691,0
2406.74609375,38515,184,0.0,0.0,0.14110195636749268,0
2408.34375,38547,183,0.0,0.0,0.16319115459918976,0
2409.94140625,38578,183,0.0,0.0,0.18429197371006012,0
2411.546875,38610,182,0.0,0.0,0.2045198678970337,0
2413.15625,38641,181,0.0,0.0,0.22410425543785095,0
2414.78125,38673,180,0.0,0.0,0.2431250959634781,0
2416.42578125,38704,180,0.0,0.0,0.26170575618743896,0
2418.0390625,38736,179,0.0,0.0,0.2801411747932434,0
2419.6328125,38767,178,0.0,0.0,0.29825225472450256,0
2421.21484375,38798,177,0.0,0.0,0.316177099943161,0
2422.7890625,38829,176,0.0,0.0,0.3338865339756012,0
2424.3515625,38860,175,0.0,0.0,0.3511742949485779,0
2425.90625,38891,174,0.0,0.0,0.3679801821708679,0
2427.45703125,38922,173,0.0,0.0,0.38438671827316284,0
2429.00390625,38953,172,0.0,0.0,0.40038180351257324,0
2430.55078125,38984,170,0.0,0.0,0.41595637798309326,0
2432.10546875,39014,169,0.0,0.0,0.43118271231651306,0
2433.6484375,39045,168,0.0,0.0,0.4460591971874237,0
2435.1640625,39076,167,0.0,0.0,0.4605746269226074,0
2436.65234375,39106,166,0.0,0.0,0.4747883081436157,0
2438.12109375,39137,165,0.0,0.0,0.48865634202957153,0
2439.57421875,39168,164,0.0,0.0,0.49042126536369324,0
2441.00390625,39198,163,0.0,0.0,0.4906393885612488,0
2442.42578125,39229,162,0.0,0.0,0.4911610186100006,0
2443.83984375,39260,161,0.0,0.0,0.4912080764770508,0
2445.23046875,39291,160,0.0,0.0,0.4913831353187561,0
2446.6171875,39321,159,0.0,0.0,0.490904837846756,0
2447.9921875,39352,158,0.0,0.0,0.4908968210220337,0
2449.35546875,39383,157,0.0,0.0,0.49050742387771606,0
2450.71484375,39414,156,0.0,0.0,0.4904821515083313,0
2452.0625,39444,155,0.0,0.0,0.49023494124412537,0
2453.375,39475,153,0.0,62.175655364990234,0.4905255436897278,0
2454.66015625,39505,151,0.0,100.0,0.49257832765579224,0
2455.91015625,39536,149,0.0,100.0,0.4947457015514374,0
2457.1328125,39566,147,0.0,100.0,0.4968898296356201,0
2458.328125,39597,145,0.0,100.0,0.4985657036304474,0
2459.50390625,39627,143,0.0,100.0,0.5010374784469604,0
2460.6484375,39658,141,0.0,100.0,0.503191351890564,0
2461.7734375,39689,140,0.0,100.0,0.5047805309295654,0
2462.8671875,39720,138,0.0,100.0,0.5068641901016235,0
2463.94140625,39750,136,0.0,100.0,0.5087693929672241,0
2464.99609375,39780,134,0.0,100.0,0.5096422433853149,0
2466.03125,39811,132,0.0,100.0,0.5118157267570496,0
2467.046875,39841,131,0.0,80.24799823760986,0.5134721398353577,0
2468.0546875,39871,129,0.0,14.284388720989227,0.513866126537323,0
2469.05078125,39901,128,0.0,0.0,0.5137481093406677,0
2470.05078125,39931,127,0.0,0.0,0.43697449564933777,0
2471.1171875,39962,126,0.0,0.0,0.3777409791946411,0
2472.21484375,39992,126,0.0,0.0,0.3212479054927826,0
2473.31640625,40022,125,0.0,0.0,0.2550312876701355,0
2474.421875,40053,124,0.0,0.0,0.18857388198375702,0
2475.54296875,40083,124,0.0,0.0,0.12183098495006561,0
2476.6796875,40114,124,0.0,0.0,0.0554271899163723,0
2477.81640625,40145,123,0.0,0.0,-0.0016507867258042097,0
2478.95703125,40177,123,0.0,0.0,-0.04950438067317009,0
2480.09375,40208,123,0.0,0.0,-0.06719489395618439,0
2481.2265625,40240,122,0.0,0.0,-0.029464317485690117,0
2482.359375,40271,122,0.0,0.0,-0.0,0
2483.48046875,40303,121,0.0,0.0,-0.0,0
2484.59375,40334,121,0.0,0.0,-0.0035523974802345037,0
2485.69140625,40365,121,0.0,0.0,-0.030691636726260185,0
2486.78515625,40396,120,0.0,0.0,-0.052759043872356415,0
2487.87890625,40426,120,0.0,0.0,-0.07362033426761627,0
2488.96875,40457,120,0.0,0.0,-0.09442631900310516,0
2490.05859375,40488,119,0.0,0.0,-0.11535482108592987,0
2491.1953125,40518,119,0.0,0.0,-0.13556323945522308,0
2492.31640625,40549,118,0.0,0.0,-0.15533000230789185,0
2493.421875,40580,118,0.0,0.0,-0.1742439568042755,0
2494.51953125,40611,117,0.0,0.0,-0.19278624653816223,0
2495.59765625,40641,117,0.0,0.0,-0.21081067621707916,0
2496.66015625,40672,116,0.0,0.0,-0.22802391648292542,0
2497.703125,40703,115,0.0,67.14203357696533,-0.2462744265794754,0
2498.72265625,40734,113,0.0,100.0,-0.22490887343883514,0
2499.7265625,40765,111,0.0,100.0,-0.24083419144153595,0
2500.70703125,40797,109,0.0,100.0,-0.24889682233333588,0
2501.671875,40828,107,0.0,100.0,-0.2570548951625824,0
2502.6171875,40859,105,0.0,100.0,-0.2602294981479645,0
2503.54296875,40891,103,0.0,100.0,-0.2643323242664337,0
2504.453125,40922,102,0.0,100.0,-0.2618047595024109,0
2505.34375,40953,100,0.0,100.0,-0.26595988869667053,0
2506.21484375,40984,98,0.0,100.0,-0.2701566815376282,0
2507.07421875,41015,96,0.0,100.0,-0.2739969789981842,0
2507.91796875,41046,94,0.0,100.0,-0.2857462763786316,0
2508.75390625,41077,93,0.0,100.0,-0.29776209592819214,0
2509.5859375,41108,91,0.0,30.24258017539978,-0.3022966980934143,0
2510.41015625,41139,91,0.0,0.0,-0.3047727346420288,0
2511.22265625,41170,90,0.0,0.0,-0.29020729660987854,0
2512.03125,41201,90,0.0,0.0,-0.3105219602584839,0
2512.828125,41232,89,0.0,0.0,-0.3185158967971802,0
2513.6171875,41263,89,0.0,0.0,-0.3397331237792969,0
2514.40234375,41294,88,0.0,0.0,-0.35932597517967224,0
2515.1796875,41326,88,0.0,0.0,-0.3793940246105194,0
2515.953125,41357,88,0.0,0.0,-0.39275744557380676,0
2516.72265625,41388,87,0.0,0.0,-0.36845463514328003,0
2517.48828125,41419,87,0.0,0.0,-0.38922229409217834,0
2518.25,41450,86,0.0,0.0,-0.40019622445106506,0
2519.0078125,41482,86,0.0,0.0,-0.4110812246799469,0
2519.7578125,41513,85,0.0,0.0,-0.3869931101799011,0
2520.50390625,41544,85,0.0,0.0,-0.3891902565956116,0
2521.24609375,41575,85,5.882352963089943,0.0,-0.3919082283973694,0
2521.98828125,41606,84,11.372549086809158,0.0,-0.4107494354248047,0
2522.7265625,41637,84,12.941177189350128,0.0,-0.4310123026371002,0
2523.484375,41668,84,14.509804546833038,0.0,-0.4537035822868347,0
2524.25390625,41700,83,14.901961386203766,0.0,-0.3838084638118744,0
2525.01953125,41732,83,15.686275064945221,0.0,-0.2946610450744629,0
2525.7890625,41764,83,15.686275064945221,0.0,-0.2059735357761383,0
2526.5625,41796,83,16.07843190431595,0.0,-0.12716029584407806,0
2527.33984375,41828,83,17.64705926179886,0.0,-0.06760938465595245,0
2528.1171875,41860,83,18.039216101169586,0.0,-0.01775718666613102,0
2528.87109375,41891,83,19.607843458652496,0.0,-0.03713245317339897,0
2529.609375,41922,83,20.39215713739395,0.0,-0.06377482414245605,0
2530.34375,41953,84,21.568627655506134,0.0,-0.09091390669345856,0
2531.078125,41983,84,21.96078449487686,0.0,-0.11807452887296677,0
2531.80859375,42013,84,22.35294133424759,0.0,-0.14166927337646484,0
2532.53515625,42044,84,22.745098173618317,0.0,-0.16189873218536377,0
2533.265625,42074,84,22.745098173618317,0.0,-0.11293607205152512,0
2533.9921875,42104,84,23.52941185235977,0.0,-0.06193837523460388,0
2534.71875,42134,84,23.9215686917305,0.0,-0.017271583899855614,0
2535.4453125,42164,85,23.9215686917305,0.0,-0.0,0
2536.17578125,42195,85,24.313725531101227,0.0,-0.0,0
2536.90234375,42225,85,23.9215686917305,0.0,-0.02367560565471649,0
2537.6328125,42255,85,23.52941185235977,0.0,-0.04337509721517563,0
2538.36328125,42286,85,22.745098173618317,0.0,-0.06461992114782333,0
2539.09375,42316,85,21.176470816135406,0.0,-0.08572535216808319,0
2539.828125,42347,85,21.176470816135406,0.0,-0.06827476620674133,0
2540.55859375,42377,86,21.176470816135406,0.0,-0.03386249020695686,0
2541.2890625,42408,86,20.78431397676468,0.0,-0.035472769290208817,0
2542.015625,42438,86,20.39215713739395,0.0,-0.05754450708627701,0
2542.7421875,42468,86,20.39215713739395,0.0,-0.08150248974561691,0
2543.46484375,42499,86,20.000000298023224,0.0,-0.10296246409416199,0
2544.19140625,42529,86,20.39215713739395,0.0,-0.12361982464790344,0
2544.9140625,42559,86,20.39215713739395,0.0,-0.14329922199249268,0
2545.640625,42590,86,20.39215713739395,0.0,-0.16263234615325928,0
2546.3671875,42620,86,20.39215713739395,0.0,-0.18783468008041382,0
2547.09375,42650,86,20.000000298023224,0.0,-0.14419642090797424,0
2547.82421875,42680,86,20.78431397676468,0.0,-0.1002524197101593,0
2548.5546875,42711,87,20.78431397676468,0.0,-0.05851079151034355,0
2549.28515625,42741,87,21.568627655506134,0.0,-0.022570710629224777,0
2550.01953125,42771,87,21.96078449487686,0.0,-0.0439780130982399,0
2550.75390625,42802,87,21.96078449487686,0.0,-0.06874901801347733,0
2551.4921875,42832,87,21.96078449487686,0.0,-0.09315498173236847,0
2552.23046875,42863,87,21.568627655506134,0.0,-0.11748289316892624,0
2552.96875,42893,87,20.78431397676468,0.0,-0.14072108268737793,0
2553.7109375,42924,87,20.78431397676468,0.0,-0.16649547219276428,0
2554.45703125,42954,87,21.176470816135406,0.0,-0.1251409351825714,0
2555.20703125,42985,88,21.176470816135406,0.0,-0.08465142548084259,0
2555.95703125,43016,88,21.568627655506134,0.0,-0.08292785286903381,0
2556.7109375,43047,88,22.35294133424759,0.0,-0.10842861235141754,0
2557.4609375,43077,88,23.137255012989044,0.0,-0.13006474077701569,0
2558.2109375,43108,88,22.745098173618317,0.0,-0.15126094222068787,0
2558.9609375,43139,88,23.9215686917305,0.0,-0.17135372757911682,0
2559.7109375,43169,88,24.313725531101227,0.0,-0.18864406645298004,0
2560.4609375,43199,89,25.0980406999588,0.0,-0.20724578201770782,0
2561.20703125,43230,89,25.0980406999588,0.0,-0.22381527721881866,0
2561.953125,43260,89,25.49019753932953,0.0,-0.1699809432029724,0
2562.703125,43290,89,25.882354378700256,0.0,-0.1272643506526947,0
2563.453125,43320,89,26.274511218070984,0.0,-0.08665632456541061,0
2564.20703125,43350,89,26.274511218070984,0.0,-0.04391660541296005,0
2564.9609375,43380,90,26.66666805744171,0.0,-0.0078524649143219,0
2565.71875,43410,90,27.843138575553894,0.0,-0.0,0
2566.4765625,43440,90,27.843138575553894,0.0,-0.02659493312239647,0
2567.23828125,43471,90,28.23529541492462,0.0,-0.04805807024240494,0
2568.0,43501,91,28.23529541492462,0.0,-0.06842388212680817,0
2568.765625,43531,91,28.23529541492462,0.0,-0.09002465754747391,0
2569.5390625,43561,91,28.23529541492462,0.0,-0.11124244332313538,0
2570.30859375,43591,91,29.019609093666077,0.0,-0.06660255044698715,0
2571.08203125,43622,92,29.019609093666077,0.0,-0.027444934472441673,0
2571.859375,43652,92,29.019609093666077,0.0,-0.0018911192892119288,0
2572.640625,43682,92,29.019609093666077,0.0,-0.0,0
2573.421875,43712,92,29.019609093666077,0.0,-0.025246091187000275,0
2574.2109375,43743,93,29.019609093666077,0.0,-0.04461805522441864,0
2574.99609375,43773,93,29.411765933036804,0.0,-0.06953763961791992,0
2575.7890625,43804,93,29.411765933036804,0.0,-0.09111350774765015,0
2576.58203125,43834,93,29.80392277240753,0.0,-0.11471125483512878,0
2577.375,43865,94,29.80392277240753,0.0,-0.1378878951072693,0
2578.171875,43895,94,30.588236451148987,0.0,-0.1591128408908844,0
2578.96484375,43925,94,30.588236451148987,0.0,-0.18115469813346863,0
2579.76171875,43956,94,30.980393290519714,0.0,-0.19867748022079468,0
2580.55859375,43986,94,30.980393290519714,0.0,-0.21253128349781036,0
2581.3515625,44016,95,30.980393290519714,0.0,-0.2284751832485199,0
2582.1484375,44047,95,30.980393290519714,0.0,-0.18676847219467163,0
2582.9453125,44077,95,31.372550129890442,0.0,-0.14283451437950134,0
2583.74609375,44107,95,31.372550129890442,0.0,-0.09239856153726578,0
2584.546875,44138,96,30.980393290519714,0.0,-0.050550322979688644,0
2585.35546875,44168,96,31.372550129890442,0.0,-0.014430465176701546,0
2586.16015625,44198,96,31.372550129890442,0.0,-0.0,0
2586.96875,44228,97,31.372550129890442,0.0,-0.0,0
2587.78125,44259,97,31.372550129890442,0.0,-0.0,0
2588.59375,44289,97,31.372550129890442,0.0,-0.0,0
2589.40625,44319,97,31.372550129890442,0.0,-0.0,0
2590.22265625,44349,98,31.372550129890442,0.0,-0.0,0
2591.04296875,44380,98,31.372550129890442,0.0,-0.0,0
2591.8671875,44410,98,31.76470696926117,0.0,-0.0,0
2592.69140625,44440,99,31.372550129890442,0.0,-0.0,0
2593.51953125,44471,99,31.76470696926117,0.0,0.003226709319278598,0
2594.3515625,44501,99,31.76470696926117,0.0,0.019084248691797256,0
2595.18359375,44531,99,31.76470696926117,0.0,0.03640778735280037,0
2596.01953125,44561,100,32.1568638086319,0.0,0.05521422624588013,0
2596.859375,44592,100,32.549020648002625,0.0,0.07281576097011566,0
2597.703125,44622,100,32.549020648002625,0.0,0.06781221181154251,0
2598.546875,44652,101,32.549020648002625,0.0,0.033274877816438675,0
2599.390625,44683,101,32.94117748737335,0.0,0.0011741960188373923,0
2600.2421875,44713,101,32.94117748737335,0.0,-0.0,0
2601.09375,44743,101,32.94117748737335,0.0,-0.0,0
2601.9453125,44773,102,32.549020648002625,0.0,0.007820826023817062,0
2602.80078125,44804,102,33.33333432674408,0.0,0.024690425023436546,0
2603.66015625,44834,102,33.33333432674408,0.0,0.0508793368935585,0
2604.51953125,44864,103,33.33333432674408,0.0,0.0762566402554512,0
2605.3828125,44894,103,33.33333432674408,0.0,0.1007387787103653,0
2606.25,44925,103,33.33333432674408,0.0,0.12433682382106781,0
2607.1171875,44955,103,33.33333432674408,0.0,0.1470935344696045,0
2607.984375,44985,104,33.72549116611481,0.0,0.16902673244476318,0
2608.859375,45015,104,34.117648005485535,0.0,0.1901015043258667,0
2609.734375,45045,104,34.50980484485626,0.0,0.21045169234275818,0
2610.6171875,45075,104,35.29411852359772,0.0,0.2300453782081604,0
2611.5,45106,105,35.29411852359772,0.0,0.24896420538425446,0
2612.3828125,45136,105,34.90196168422699,0.0,0.26723676919937134,0
2613.2734375,45166,105,35.29411852359772,0.0,0.20578588545322418,0
2614.1640625,45196,105,35.686275362968445,0.0,0.16133728623390198,0
2615.0546875,45227,106,36.07843220233917,0.0,0.12048009783029556,0
2615.9453125,45257,106,35.686275362968445,0.0,0.08291894197463989,0
2616.83984375,45287,106,36.4705890417099,0.0,0.04815320298075676,0
2617.73828125,45317,107,36.86274588108063,0.0,0.01600947044789791,0
2618.63671875,45347,107,36.86274588108063,0.0,0.030160291120409966,0
2619.5390625,45377,107,36.86274588108063,0.0,0.048036523163318634,0
2620.4453125,45408,107,37.254902720451355,0.0,0.07295510917901993,0
2621.3515625,45438,108,37.64705955982208,0.0,0.0969185158610344,0
2622.26171875,45468,108,38.03921639919281,0.0,0.12004955857992172,0
2623.17578125,45498,108,38.03921639919281,0.0,0.14230157434940338,0
2624.08984375,45528,109,39.21568691730499,0.0,0.16372741758823395,0
2625.01171875,45559,109,40.00000059604645,0.0,0.18434301018714905,0
2625.93359375,45589,109,40.392157435417175,0.0,0.2042207419872284,0
2626.85546875,45620,110,42.35294163227081,0.0,0.22328749299049377,0
2627.77734375,45650,110,41.960784792900085,0.0,0.24161852896213531,0
2628.69921875,45680,110,41.960784792900085,0.0,0.25922006368637085,0
2629.62109375,45711,110,42.35294163227081,0.0,0.27615684270858765,0
2630.53515625,45741,111,42.35294163227081,0.0,0.29246824979782104,0
2631.44921875,45771,111,43.13725531101227,0.0,0.2469787448644638,0
2632.359375,45802,111,43.92156898975372,0.0,0.20011617243289948,0
2633.27734375,45832,112,44.70588266849518,0.0,0.15817208588123322,0
2634.2109375,45862,112,47.05882370471954,0.0,0.12570935487747192,0
2635.14453125,45892,113,48.627451062202454,0.0,0.14259716868400574,0
2636.08203125,45922,113,49.01960790157318,0.0,0.16379059851169586,0
2637.0234375,45952,113,49.41176474094391,0.0,0.18404445052146912,0
2637.9765625,45982,114,48.627451062202454,0.0,0.1978309452533722,0
2638.9375,46012,115,47.843137383461,0.0,0.15545839071273804,0
2639.90625,46042,115,45.098039507865906,0.0,0.11638913303613663,0
2640.8828125,46072,116,40.00000059604645,0.0,0.0803411602973938,0
2641.8671875,46102,116,38.823530077934265,0.0,0.04701172932982445,0
2642.86328125,46133,116,38.823530077934265,0.0,0.016012754291296005,0
2643.8671875,46163,116,38.03921639919281,0.0,-0.0,0
2644.8828125,46193,117,37.64705955982208,0.0,-0.0,0
2645.90625,46224,117,38.03921639919281,0.0,-0.0,0
2646.9375,46254,117,37.64705955982208,0.0,-0.0,0
2647.97265625,46284,118,37.254902720451355,0.0,-0.0,0
2649.015625,46314,118,36.86274588108063,0.0,-0.0,0
2650.0703125,46344,118,36.86274588108063,0.0,0.000629338959697634,0
2651.1328125,46374,118,37.254902720451355,0.0,0.023752890527248383,0
2652.1953125,46404,119,36.86274588108063,0.0,0.03990938514471054,0
2653.2734375,46434,119,36.86274588108063,0.0,0.06324326246976852,0
2654.359375,46464,119,36.4705890417099,0.0,0.08581369370222092,0
2655.4375,46494,119,36.07843220233917,0.0,0.10762093961238861,0
2656.515625,46523,120,36.07843220233917,0.0,0.12866798043251038,0
2657.58984375,46553,120,35.686275362968445,0.0,0.14899742603302002,0
2658.66015625,46583,120,36.07843220233917,0.0,0.16852906346321106,0
2659.734375,46613,120,36.4705890417099,0.0,0.18737035989761353,0
2660.80078125,46643,120,36.07843220233917,0.0,0.2055797427892685,0
2661.8828125,46673,121,36.4705890417099,0.0,0.22305302321910858,0
2662.97265625,46703,121,36.07843220233917,0.0,0.24020230770111084,0
2664.07421875,46733,121,36.07843220233917,0.0,0.2568874657154083,0
2665.1796875,46764,121,35.686275362968445,0.0,0.2732272148132324,0
2666.28515625,46795,121,35.686275362968445,0.0,0.28917261958122253,0
2667.38671875,46826,121,36.07843220233917,0.0,0.30488717555999756,0
2668.49609375,46857,121,36.07843220233917,0.0,0.32038626074790955,0
2669.59375,46888,121,36.07843220233917,0.0,0.3357182443141937,0
2670.6875,46918,121,36.4705890417099,0.0,0.350652813911438,0
2671.78125,46948,121,36.07843220233917,0.0,0.3652743697166443,0
2672.875,46978,121,35.686275362968445,0.0,0.37955623865127563,0
2673.9765625,47008,121,36.07843220233917,0.0,0.2961311936378479,0
2675.078125,47038,121,36.07843220233917,0.0,0.31288084387779236,0
2676.171875,47068,121,36.4705890417099,0.0,0.2748372554779053,0
2677.2578125,47098,121,36.4705890417099,0.0,0.2382870465517044,0
2678.34765625,47128,121,36.4705890417099,0.0,0.197067990899086,0
2679.4296875,47158,121,36.86274588108063,0.0,0.1550789475440979,0
2680.51171875,47188,121,36.4705890417099,0.0,0.11613013595342636,0
2681.58984375,47218,122,36.86274588108063,0.0,0.07988859713077545,0
2682.671875,47248,122,36.86274588108063,0.0,0.046186383813619614,0
2683.75,47278,122,37.64705955982208,0.0,0.014699054881930351,0
2684.828125,47308,122,38.03921639919281,0.0,-0.0,0
2685.90234375,47338,123,38.03921639919281,0.0,-0.0,0
2686.9765625,47368,123,38.03921639919281,0.0,-0.0,0
2688.046875,47398,123,37.64705955982208,0.0,0.0054168011993169785,0
2689.12109375,47429,124,38.43137323856354,0.0,0.02169209159910679,0
2690.19140625,47459,124,38.823530077934265,0.0,0.04650811105966568,0
2691.265625,47489,124,39.21568691730499,0.0,0.070479616522789,0
2692.33984375,47519,124,39.21568691730499,0.0,0.09361150860786438,0
2693.41796875,47549,125,39.21568691730499,0.0,0.11592426151037216,0
2694.48828125,47579,125,39.60784375667572,0.0,0.13742588460445404,0
2695.51953125,47609,125,39.21568691730499,0.0,0.15797820687294006,0
2696.546875,47639,125,39.21568691730499,0.0,0.17773082852363586,0
2697.578125,47669,125,39.21568691730499,0.0,0.19668583571910858,0
2698.609375,47699,126,39.60784375667572,0.0,0.21488653123378754,0
2699.640625,47729,126,39.21568691730499,0.0,0.23237918317317963,0
2700.66796875,47758,126,39.60784375667572,0.0,0.24921588599681854,0
2701.703125,47788,126,40.392157435417175,0.0,0.26541295647621155,0
2702.73828125,47818,126,41.56862795352936,0.0,0.28129297494888306,0
2703.77734375,47848,126,41.56862795352936,0.0,0.296629935503006,0
2704.8203125,47878,126,41.56862795352936,0.0,0.2505708336830139,0
2705.8671875,47908,127,41.960784792900085,0.0,0.20486454665660858,0
2706.9140625,47938,127,42.35294163227081,0.0,0.1627734750509262,0
2707.97265625,47968,127,43.13725531101227,0.0,0.12482497841119766,0
2709.03125,47998,127,43.92156898975372,0.0,0.13793790340423584,0
2710.09375,48028,128,44.31372582912445,0.0,0.15614056587219238,0
2711.1640625,48058,128,44.31372582912445,0.0,0.1764652281999588,0
2712.234375,48089,128,44.31372582912445,0.0,0.1900891363620758,0
2713.30859375,48119,128,43.92156898975372,0.0,0.15364988148212433,0
2714.39453125,48149,129,43.529412150382996,0.0,0.11498228460550308,0
2715.48046875,48179,129,43.529412150382996,0.0,0.07950092852115631,0
2716.578125,48210,129,43.529412150382996,0.0,0.04688074067234993,0
2717.67578125,48240,130,43.92156898975372,0.0,0.016542289406061172,0
2718.78125,48270,130,43.529412150382996,0.0,-0.0,0
2719.89453125,48301,130,43.529412150382996,0.0,-0.0,0
2721.04296875,48332,131,44.31372582912445,0.0,-0.0,0
2722.1953125,48363,131,44.31372582912445,0.0,-0.0,0
2723.3671875,48394,132,44.70588266849518,0.0,-0.0,0
2724.546875,48426,132,45.098039507865906,0.0,-0.0,0
2725.7265625,48458,132,45.49019634723663,0.0,-0.0,0
2726.90625,48490,133,45.88235318660736,0.0,-0.0,0
2728.08984375,48522,133,46.666666865348816,0.0,-0.0,0
2729.24609375,48554,134,46.666666865348816,0.0,-0.0,0
2730.40234375,48585,134,47.843137383461,0.0,-0.0,0
2731.546875,48616,134,48.235294222831726,0.0,0.022543925791978836,0
2732.69140625,48647,135,48.627451062202454,0.0,0.03825366869568825,0
2733.83984375,48677,135,49.803921580314636,0.0,0.06035146862268448,0
2734.99609375,48707,136,50.98039507865906,0.0,0.08166413009166718,0
2736.15625,48738,136,52.54902243614197,0.0,0.10217513889074326,0
2737.3203125,48768,137,52.941179275512695,0.0,0.11559848487377167,0
2738.4921875,48799,137,53.72549295425415,0.0,0.08205974847078323,0
2739.66796875,48829,138,54.11764979362488,0.0,0.0511920228600502,0
2740.8515625,48860,138,55.29412031173706,0.0,0.022710446268320084,0
2742.0390625,48891,139,55.29412031173706,0.0,0.0033349019940942526,0
2743.234375,48921,139,55.68627715110779,0.0,-0.0,0
2744.43359375,48952,140,55.68627715110779,0.0,-0.0,0
2745.640625,48983,140,55.68627715110779,0.0,-0.0,0
2746.8515625,49013,141,56.078433990478516,0.0,-0.0,0
2748.0703125,49044,141,56.078433990478516,0.0,-0.0,0
2749.296875,49075,142,57.2549045085907,0.0,-0.0,0
2750.54296875,49106,142,56.86274766921997,0.0,-0.0,0
2751.796875,49137,143,57.647061347961426,0.0,-0.0,0
2753.05859375,49169,144,58.43137502670288,0.0,-0.0,0
2754.3203125,49200,144,59.60784554481506,0.0,-0.0,0
2755.58984375,49232,145,60.00000238418579,0.0,-0.0,0
2756.86328125,49263,145,60.784316062927246,0.0,-0.0,0
2758.14453125,49294,146,61.176472902297974,0.0,-0.0,0
2759.41015625,49326,147,61.96078658103943,0.0,-0.0,0
2760.6796875,49356,147,61.96078658103943,0.0,-0.0,0
2761.9609375,49387,148,62.352943420410156,0.0,-0.0,0
2763.2421875,49418,148,62.745100259780884,0.0,-0.0,0
2764.53125,49449,149,63.13725709915161,0.0,-0.0,0
2765.828125,49480,150,63.921570777893066,0.0,-0.0,0
2767.12890625,49511,150,64.70588445663452,0.0,-0.0,0
2768.43359375,49542,151,65.8823549747467,0.0,-0.0,0
2769.75,49573,152,67.45098233222961,0.0,-0.0,0
2771.07421875,49604,153,68.23529601097107,0.0,-0.0,0
2772.4296875,49635,153,68.6274528503418,0.0,-0.0,0
2773.796875,49667,154,69.01960968971252,0.0,-0.0,0
2775.171875,49699,155,69.80392336845398,0.0,-0.0,0
2776.55859375,49730,156,69.80392336845398,0.0,-0.0,0
2777.953125,49762,157,70.1960802078247,0.0,-0.0,0
2779.36328125,49794,158,70.58823704719543,0.0,-0.0,0
2780.77734375,49826,158,71.76470756530762,0.0,-0.0,0
2782.1796875,49858,159,72.54902124404907,0.0,0.002082142513245344,0
2783.5859375,49889,160,73.72549176216125,0.0,0.012837757356464863,0
2785.0078125,49921,161,74.50980544090271,0.0,0.02392469346523285,0
2786.4375,49952,162,74.90196228027344,0.0,0.035126589238643646,0
2787.8828125,49984,163,76.07843279838562,0.0,0.010606572031974792,0
2789.3359375,50016,164,78.43137383460999,0.0,-0.0,0
2790.8125,50048,165,79.60784435272217,0.0,-0.0,0
2792.28515625,50080,166,80.39215803146362,0.0,-0.0,0
2793.765625,50112,167,81.17647171020508,0.0,-0.0,0
2795.2578125,50143,168,81.5686285495758,0.0,-0.0,0
2796.76171875,50175,169,82.74509906768799,0.0,-0.0,0
2798.265625,50207,170,83.13725590705872,0.0,-0.0,0
2799.765625,50239,171,83.92156958580017,0.0,-0.0,0
2801.265625,50270,172,85.09804010391235,0.0,-0.0,0
2802.7734375,50302,173,85.49019694328308,0.0,-0.0,0
2804.29296875,50333,174,85.88235378265381,0.0,-0.0,0
2805.81640625,50364,175,85.88235378265381,0.0,-0.0,0
2807.33984375,50396,176,86.27451062202454,0.0,-0.0,0
2808.87109375,50427,177,86.27451062202454,0.0,-0.0,0
2810.42578125,50458,177,86.66666746139526,0.0,-0.0,0
2812.0,50489,178,86.66666746139526,0.0,-0.0,0
2813.58984375,50521,179,86.66666746139526,0.0,-0.0,0
2815.1953125,50552,180,86.66666746139526,0.0,-0.0,0
2816.8125,50584,181,87.05882430076599,0.0,-0.0,0
2818.44921875,50616,182,87.05882430076599,0.0,-0.0,0
2820.1015625,50648,183,87.45098114013672,0.0,-0.0,0
2821.7578125,50681,184,87.84313797950745,0.0,-0.0,0
2823.41796875,50713,185,87.84313797950745,0.0,-0.0,0
2825.08984375,50745,186,88.6274516582489,0.0,-0.0,0
2826.765625,50777,187,89.01960849761963,0.0,-0.0,0
2828.45703125,50809,188,89.80392217636108,0.0,-0.0,0
2830.16015625,50842,189,90.19607901573181,0.0,-0.0,0
2831.87890625,50874,190,90.58823585510254,0.0,-0.0,0
2833.609375,50906,190,91.76470637321472,0.0,-0.0,0
2835.34375,50939,191,92.54902005195618,0.0,-0.00989074818789959,0
2837.0859375,50971,192,92.9411768913269,0.0,-0.021297384053468704,0
2838.84375,51004,193,93.33333373069763,0.0,-0.03482263162732124,0
2840.6015625,51036,194,93.72549057006836,0.0,-0.011325038969516754,0
2842.35546875,51069,195,94.11764740943909,0.0,-0.0,0
2844.09765625,51101,196,94.50980424880981,0.0,-0.0,0
2845.828125,51133,197,94.90196108818054,0.0,-0.0,0
2847.56640625,51164,198,95.686274766922,0.0,-0.0,0
2849.30859375,51196,199,97.64705896377563,0.0,-0.0,0
2851.04296875,51227,201,100.0,0.0,-0.0,0
2852.78515625,51258,202,100.0,0.0,-0.0,0
2854.53515625,51289,203,100.0,0.0,-0.0,0
2856.296875,51320,204,100.0,0.0,-0.0,0
2858.06640625,51351,205,100.0,0.0,-0.0,0
2859.84765625,51382,206,100.0,0.0,-0.0,0
2861.640625,51413,207,100.0,0.0,-0.0,0
2863.43359375,51444,208,100.0,0.0,0.015304641798138618,0
2865.2421875,51475,209,100.0,0.0,0.025589989498257637,0
2867.0546875,51506,210,100.0,0.0,0.03621361404657364,0
2868.875,51537,211,100.0,0.0,0.014666779898107052,0
2870.703125,51568,212,100.0,0.0,-0.0,0
2872.5390625,51599,212,100.0,0.0,-0.0,0
2874.3828125,51630,213,100.0,0.0,-0.0,0
2876.25390625,51660,214,100.0,0.0,-0.0,0
2878.1328125,51692,215,100.0,0.0,-0.0,0
2880.04296875,51723,216,100.0,0.0,-0.0,0
2881.96875,51755,217,100.0,0.0,-0.0,0
2883.8984375,51786,218,100.0,0.0,-0.015006894245743752,0
2885.83984375,51818,219,100.0,0.0,-0.026880135759711266,0
2887.7890625,51850,220,100.0,0.0,-0.0411267951130867,0
2889.7265625,51882,221,100.0,0.0,-0.055971961468458176,0
2891.67578125,51913,222,100.0,0.0,-0.0678427666425705,0
2893.60546875,51945,222,100.0,0.0,-0.04226271063089371,0
2895.53125,51976,223,100.0,0.0,-0.01912536844611168,0
2897.46875,52007,224,100.0,0.0,-0.00385450990870595,0
2899.41015625,52038,225,100.0,0.0,-0.0,0
2901.35546875,52068,226,100.0,0.0,-0.0,0
2903.30078125,52099,226,100.0,0.0,-0.0,0
2905.25390625,52130,227,100.0,0.0,-0.0,0
2907.2109375,52161,228,100.0,0.0,-0.0,0
2909.17578125,52192,228,100.0,0.0,-0.0,0
2911.1484375,52223,229,100.0,0.0,0.013357659801840782,0
2913.12890625,52254,230,100.0,0.0,0.025625310838222504,0
2915.12109375,52284,231,100.0,0.0,0.04242696240544319,0
2917.13671875,52315,232,100.0,0.0,0.058710500597953796,0
2919.2109375,52347,232,100.0,0.0,0.035601675510406494,0
2921.296875,52379,233,100.0,0.0,0.013574687764048576,0
2923.39453125,52411,234,100.0,0.0,-0.0,0
2925.49609375,52443,235,100.0,0.0,-0.0,0
2927.60546875,52475,236,100.0,0.0,-0.0,0
2929.71484375,52507,236,100.0,0.0,-0.0,0
2931.8125,52539,237,100.0,0.0,-0.0,0
2933.87109375,52571,238,100.0,0.0,-0.0,0
2935.93359375,52602,239,100.0,0.0,-0.0,0
2938.0,52633,240,100.0,0.0,-0.0,0
2940.0703125,52664,240,100.0,0.0,-0.0,0
2942.1484375,52695,241,100.0,0.0,-0.0,0
2944.234375,52726,242,100.0,0.0,-0.0,0
2946.3203125,52757,242,83.52941274642944,0.0,-0.0,0
2948.4140625,52788,241,16.07843190431595,51.20278000831604,-0.0,0
2950.5234375,52819,237,0.0,100.0,-0.0,0
2952.58984375,52852,233,0.0,100.0,-0.0,0
2954.65234375,52884,229,0.0,100.0,-0.0,0
2956.6796875,52917,225,0.0,100.0,0.01648867130279541,0
2958.6875,52949,221,0.0,100.0,0.030478063970804214,0
2960.6796875,52982,218,0.0,100.0,0.05029561370611191,0
2962.62109375,53016,214,0.0,100.0,0.07002945244312286,0
2964.5,53049,210,0.0,100.0,0.08923941850662231,0
2966.3828125,53081,207,0.0,100.0,0.10783116519451141,0
2968.234375,53114,204,0.0,100.0,0.12627169489860535,0
2970.08984375,53147,201,0.0,100.0,0.09288832545280457,0
2971.91796875,53180,198,0.0,100.0,0.06138438358902931,0
2973.71875,53214,195,0.0,100.0,0.031723253428936005,0
2975.5078125,53247,192,0.0,100.0,0.0034681300166994333,0
2977.27734375,53281,189,0.0,100.0,0.017077907919883728,0
2979.0234375,53315,186,0.0,100.0,0.03680897504091263,0
2980.74609375,53349,183,0.0,100.0,0.06110764667391777,0
2982.4375,53383,181,0.0,100.0,0.08506499230861664,0
2984.10546875,53417,178,0.0,100.0,0.1083199754357338,0
2985.765625,53452,175,0.0,100.0,0.13118228316307068,0
2987.39453125,53486,173,0.0,100.0,0.14922156929969788,0
2988.9921875,53520,170,0.0,100.0,0.10883232206106186,0
2990.5625,53554,168,0.0,100.0,0.07148119807243347,0
2992.109375,53589,165,0.0,100.0,0.03654972463846207,0
2993.625,53623,163,0.0,100.0,0.0035057261120527983,0
2995.09375,53657,160,0.0,100.0,0.018113860860466957,0
2996.5390625,53691,157,0.0,100.0,0.036815036088228226,0
2997.9609375,53724,155,0.0,100.0,0.06403534859418869,0
2999.34765625,53757,152,0.0,100.0,0.09048789739608765,0
3000.703125,53790,150,0.0,100.0,0.11639381945133209,0
3002.01171875,53822,147,0.0,100.0,0.1414681226015091,0
3003.30078125,53854,145,0.0,100.0,0.16572540998458862,0
3004.578125,53886,143,0.0,100.0,0.18945877254009247,0
3005.83203125,53919,141,0.0,100.0,0.2129947990179062,0
3007.07421875,53951,139,0.0,100.0,0.23617054522037506,0
3008.296875,53983,136,0.0,100.0,0.25925305485725403,0
3009.5078125,54016,134,0.0,100.0,0.282114177942276,0
3010.69921875,54048,132,0.0,100.0,0.3045695126056671,0
3011.8828125,54080,130,0.0,100.0,0.3266822397708893,0
3013.046875,54113,128,0.0,100.0,0.3484939932823181,0
3014.203125,54145,127,0.0,42.29123294353485,0.3698822259902954,0
3015.359375,54177,126,0.0,0.0,0.3907778561115265,0
3016.51953125,54209,125,0.0,0.0,0.41115880012512207,0
3017.6875,54241,124,0.0,0.0,0.4309855103492737,0
3018.87109375,54273,124,0.0,0.0,0.45027822256088257,0
3020.04296875,54305,123,0.0,0.0,0.46907684206962585,0
3021.1875,54337,122,0.0,0.0,0.4873080551624298,0
3022.3125,54369,122,0.0,0.0,0.5049861073493958,0
3023.42578125,54401,121,0.0,0.0,0.5221810340881348,0
3024.515625,54433,120,0.0,0.0,0.5331338047981262,0
3025.59375,54465,119,0.0,0.0,0.533622682094574,0
3026.64453125,54497,118,0.0,0.0,0.5349774360656738,0
3027.6875,54528,118,0.0,0.0,0.5359078049659729,0
3028.734375,54559,117,0.0,0.0,0.5371025800704956,0
3029.76953125,54591,116,0.0,0.0,0.5380983948707581,0
3030.796875,54622,115,0.0,0.0,0.5390650629997253,0
3031.82421875,54654,115,6.666667014360428,0.0,0.5401241183280945,0
3032.8515625,54685,114,16.862745583057404,0.0,0.5402284264564514,0
3033.88671875,54717,114,19.607843458652496,0.0,0.5401553511619568,0
3034.921875,54749,113,22.745098173618317,0.0,0.43743768334388733,0
3035.95703125,54780,113,25.49019753932953,0.0,0.3573359251022339,0
3037.0078125,54812,113,31.76470696926117,0.0,0.2983400523662567,0
3038.05859375,54844,113,38.43137323856354,0.0,0.24186255037784576,0
3039.125,54876,114,42.35294163227081,0.0,0.1895890235900879,0
3040.20703125,54907,114,44.70588266849518,0.0,0.14085695147514343,0
3041.29296875,54939,114,44.70588266849518,0.0,0.10120555013418198,0
3042.40234375,54971,115,43.529412150382996,0.0,0.1228155568242073,0
3043.515625,55002,115,43.529412150382996,0.0,0.1507616937160492,0
3044.6328125,55034,116,43.92156898975372,0.0,0.17744052410125732,0
3045.7421875,55065,116,44.31372582912445,0.0,0.20292232930660248,0
3046.84765625,55097,117,44.70588266849518,0.0,0.22711558640003204,0
3047.94921875,55129,117,45.098039507865906,0.0,0.25011736154556274,0
3049.04296875,55160,117,45.49019634723663,0.0,0.2720038592815399,0
3050.1328125,55192,118,45.49019634723663,0.0,0.2926909625530243,0
3051.234375,55223,118,45.49019634723663,0.0,0.31244707107543945,0
3052.31640625,55255,118,45.88235318660736,0.0,0.3315170109272003,0
3053.4140625,55286,119,45.88235318660736,0.0,0.34949252009391785,0
3054.515625,55318,119,45.88235318660736,0.0,0.3669743835926056,0
3055.61328125,55350,119,45.88235318660736,0.0,0.38382819294929504,0
3056.72265625,55381,119,45.49019634723663,0.0,0.4001197814941406,0
3057.83203125,55413,120,45.88235318660736,0.0,0.41615572571754456,0
3058.9453125,55444,120,46.27451002597809,0.0,0.42990490794181824,0
3060.0703125,55476,120,45.88235318660736,0.0,0.43761494755744934,0
3061.19921875,55508,120,45.88235318660736,0.0,0.43908601999282837,0
3062.33203125,55539,120,45.49019634723663,0.0,0.4458417594432831,0
3063.484375,55570,120,45.49019634723663,0.0,0.4411042332649231,0
3064.6484375,55602,121,45.49019634723663,0.0,0.44014179706573486,0
3065.81640625,55634,121,45.49019634723663,0.0,0.4387193024158478,0
3066.9609375,55665,121,45.49019634723663,0.0,0.4398645758628845,0
3068.109375,55697,121,45.098039507865906,0.0,0.43736204504966736,0
3069.25,55728,121,45.49019634723663,0.0,0.43561822175979614,0
3070.3828125,55760,121,45.49019634723663,0.0,0.43099910020828247,0
3071.51171875,55792,121,45.49019634723663,0.0,0.42853763699531555,0
3072.64453125,55823,122,45.49019634723663,0.0,0.42610177397727966,0
3073.7734375,55855,122,45.49019634723663,0.0,0.4261704981327057,0
3074.90625,55887,122,45.88235318660736,0.0,0.4256570339202881,0
3076.02734375,55919,122,45.88235318660736,0.0,0.42750275135040283,0
3077.15234375,55951,122,45.88235318660736,0.0,0.4278062582015991,0
3078.28125,55983,122,45.88235318660736,0.0,0.42831265926361084,0
3079.41015625,56015,122,46.27451002597809,0.0,0.4272717833518982,0
3080.54296875,56047,123,45.88235318660736,0.0,0.4283951222896576,0
3081.69140625,56079,123,46.27451002597809,0.0,0.4281243681907654,0
3082.85546875,56111,123,45.88235318660736,0.0,0.4282786548137665,0
3084.03125,56143,123,45.88235318660736,0.0,0.42828452587127686,0
3085.22265625,56176,123,45.88235318660736,0.0,0.4307688772678375,0
3086.421875,56208,123,45.88235318660736,0.0,0.4320128858089447,0
3087.63671875,56241,123,45.88235318660736,0.0,0.432365745306015,0
3088.859375,56274,124,45.49019634723663,0.0,0.42955949902534485,0
3090.06640625,56306,124,45.49019634723663,0.0,0.4292739927768707,0
3091.25390625,56339,124,45.49019634723663,0.0,0.4274448752403259,0
3092.43359375,56371,124,44.70588266849518,0.0,0.4281904101371765,0
3093.6015625,56404,124,43.13725531101227,0.0,0.42420387268066406,0
3094.765625,56436,124,39.60784375667572,0.0,0.42118632793426514,0
3095.92578125,56468,124,39.21568691730499,0.0,0.4163491725921631,0
3097.0859375,56500,124,38.43137323856354,0.0,0.4170011878013611,0
3098.234375,56533,124,35.686275362968445,0.0,0.41934290528297424,0
3099.37890625,56565,124,29.80392277240753,0.0,0.42382803559303284,0
3100.51953125,56598,124,24.313725531101227,0.0,0.4266211688518524,0
3101.65625,56630,123,13.333334028720856,0.0,0.43261197209358215,0
3102.8203125,56662,123,4.70588244497776,0.0,0.4397192597389221,0
3103.9765625,56695,122,3.5294119268655777,0.0,0.4539210796356201,0
3105.14453125,56729,121,3.5294119268655777,0.0,0.4680979251861572,0
3106.30078125,56762,121,3.9215687662363052,0.0,0.48378419876098633,0
3107.46875,56795,120,4.70588244497776,0.0,0.491713285446167,0
3108.62890625,56829,119,5.490196123719215,0.0,0.49380603432655334,0
3109.7890625,56863,118,7.058823853731155,0.0,0.49579480290412903,0
3110.9140625,56896,118,9.803921729326248,0.0,0.4981376528739929,0
3112.046875,56928,117,12.5490203499794,0.0,0.5008209943771362,0
3113.15234375,56961,117,15.686275064945221,0.0,0.5017778277397156,0
3114.26171875,56993,116,18.431372940540314,0.0,0.5023106336593628,0
3115.34375,57025,116,22.35294133424759,0.0,0.4961273670196533,0
3116.4296875,57057,115,23.52941185235977,0.0,0.4842735826969147,0
3117.5,57089,115,25.0980406999588,0.0,0.37776777148246765,0
3118.56640625,57122,115,27.05882489681244,0.0,0.3250223696231842,0
3119.62890625,57154,115,29.019609093666077,0.0,0.2661324143409729,0
3120.68359375,57186,115,32.94117748737335,0.0,0.21171551942825317,0
3121.734375,57219,115,34.90196168422699,0.0,0.16141988337039948,0
3122.78515625,57251,116,36.86274588108063,0.0,0.11916717141866684,0
3123.8359375,57283,116,37.254902720451355,0.0,0.1404518485069275,0
3124.89453125,57315,116,37.64705955982208,0.0,0.16201943159103394,0
3125.9609375,57347,116,36.86274588108063,0.0,0.18252667784690857,0
3127.03515625,57379,117,37.254902720451355,0.0,0.20215588808059692,0
3128.11328125,57411,117,36.86274588108063,0.0,0.220805823802948,0
3129.1953125,57444,117,37.254902720451355,0.0,0.23848187923431396,0
3130.28125,57476,117,37.254902720451355,0.0,0.2561034560203552,0
3131.375,57508,118,37.254902720451355,0.0,0.27411556243896484,0
3132.47265625,57541,118,37.254902720451355,0.0,0.29030275344848633,0
3133.57421875,57573,118,37.64705955982208,0.0,0.3067557215690613,0
3134.6796875,57605,118,37.254902720451355,0.0,0.2880864143371582,0
3135.78125,57637,118,37.254902720451355,0.0,0.3040662705898285,0
3136.875,57669,118,37.64705955982208,0.0,0.299681693315506,0
3137.96484375,57701,119,37.64705955982208,0.0,0.3161981403827667,0
3139.05078125,57733,119,37.64705955982208,0.0,0.26617252826690674,0
3140.13671875,57765,119,38.03921639919281,0.0,0.21121098101139069,0
3141.21875,57797,119,38.03921639919281,0.0,0.1613585352897644,0
3142.296875,57829,120,38.43137323856354,0.0,0.1160583645105362,0
3143.37109375,57862,120,38.43137323856354,0.0,0.07480813562870026,0
3144.4453125,57894,120,38.823530077934265,0.0,0.03915807604789734,0
3145.515625,57926,121,38.43137323856354,0.0,0.056647319346666336,0
3146.578125,57958,121,38.03921639919281,0.0,0.07909372448921204,0
3147.63671875,57990,121,38.03921639919281,0.0,0.100302554666996,0
3148.69140625,58022,122,38.43137323856354,0.0,0.12474817037582397,0
3149.75,58054,122,38.43137323856354,0.0,0.14753082394599915,0
3150.8125,58086,122,38.43137323856354,0.0,0.16983287036418915,0
3151.875,58118,123,38.823530077934265,0.0,0.19035542011260986,0
3152.93359375,58150,123,39.21568691730499,0.0,0.21042022109031677,0
3154.0,58182,123,40.392157435417175,0.0,0.23006859421730042,0
3155.0625,58214,123,41.960784792900085,0.0,0.24854248762130737,0
3156.13671875,58246,124,43.13725531101227,0.0,0.26670587062835693,0
3157.2109375,58278,124,44.70588266849518,0.0,0.28496089577674866,0
3158.296875,58310,124,46.666666865348816,0.0,0.3020554482936859,0
3159.38671875,58341,124,47.45098054409027,0.0,0.31935903429985046,0
3160.48046875,58373,125,48.235294222831726,0.0,0.3357580900192261,0
3161.58203125,58405,125,49.01960790157318,0.0,0.2655409872531891,0
3162.6953125,58437,125,49.41176474094391,0.0,0.21546342968940735,0
3163.8125,58468,126,49.803921580314636,0.0,0.16901302337646484,0
3164.9453125,58500,126,50.1960813999176,0.0,0.1264694333076477,0
3166.08984375,58532,127,50.98039507865906,0.0,0.08706767112016678,0
3167.234375,58565,127,52.15686559677124,0.0,0.0504750981926918,0
3168.390625,58597,128,52.941179275512695,0.0,0.016662217676639557,0
3169.55078125,58629,129,53.72549295425415,0.0,0.02863195538520813,0
3170.71484375,58661,129,54.11764979362488,0.0,0.04377710819244385,0
3171.88671875,58694,130,54.11764979362488,0.0,0.05957910045981407,0
3173.05859375,58726,131,54.90196347236633,0.0,0.07481864094734192,0
3174.2265625,58758,131,54.90196347236633,0.0,0.08915914595127106,0
3175.40234375,58790,132,54.90196347236633,0.0,0.0562710203230381,0
3176.5859375,58822,133,54.90196347236633,0.0,0.025540100410580635,0
3177.77734375,58854,133,55.29412031173706,0.0,0.025865793228149414,0
3178.9765625,58886,134,55.29412031173706,0.0,0.04181860387325287,0
3180.18359375,58918,134,55.68627715110779,0.0,0.06627217680215836,0
3181.390625,58950,135,55.68627715110779,0.0,0.08971619606018066,0
3182.60546875,58982,136,55.68627715110779,0.0,0.11207021772861481,0
3183.82421875,59014,136,56.078433990478516,0.0,0.13341958820819855,0
3185.046875,59046,137,56.86274766921997,0.0,0.14751173555850983,0
3186.26953125,59078,137,57.2549045085907,0.0,0.10842331498861313,0
3187.48828125,59110,138,57.647061347961426,0.0,0.07301586121320724,0
3188.70703125,59142,139,58.03921818733215,0.0,0.04096244275569916,0
3189.9375,59173,139,58.82353186607361,0.0,0.011590417474508286,0
3191.1640625,59205,140,58.82353186607361,0.0,-0.0,0
3192.40234375,59236,141,59.60784554481506,0.0,-0.0,0
3193.6484375,59268,141,60.39215922355652,0.0,-0.0,0
3194.89453125,59300,142,61.176472902297974,0.0,-0.0,0
3196.15234375,59331,143,61.96078658103943,0.0,-0.0,0
3197.4140625,59363,144,63.13725709915161,0.0,-0.0,0
3198.67578125,59395,144,63.52941393852234,0.0,-0.0,0
3199.94921875,59426,145,64.70588445663452,0.0,-0.0,0
3201.21875,59458,146,67.05882549285889,0.0,-0.0,0
3202.48828125,59489,147,68.23529601097107,0.0,-0.0,0
3203.765625,59520,148,69.01960968971252,0.0,-0.0,0
3205.046875,59551,148,69.80392336845398,0.0,-0.0,0
3206.3359375,59583,149,70.58823704719543,0.0,-0.011538853868842125,0
3207.6328125,59614,150,70.58823704719543,0.0,-0.023526838049292564,0
3208.93359375,59645,151,71.37255072593689,0.0,-0.036506492644548416,0
3210.2421875,59676,152,72.54902124404907,0.0,-0.049169935286045074,0
3211.55859375,59707,153,74.50980544090271,0.0,-0.057995736598968506,0
3212.8828125,59738,154,76.86274647712708,0.0,-0.028949309140443802,0
3214.2109375,59769,155,78.03921699523926,0.0,-0.0027309940196573734,0
3215.55078125,59800,156,80.0000011920929,0.0,-0.0,0
3216.90234375,59831,157,81.17647171020508,0.0,-0.0,0
3218.26171875,59862,158,81.17647171020508,0.0,-0.0,0
3219.63671875,59893,159,81.17647171020508,0.0,-0.0,0
3221.01953125,59924,160,81.5686285495758,0.0,-0.0,0
3222.41796875,59955,161,81.5686285495758,0.0,-0.0,0
3223.8359375,59986,162,81.5686285495758,0.0,-0.0093810074031353,0
3225.2578125,60017,163,81.96078538894653,0.0,-0.012371907941997051,0
3226.6875,60049,164,81.96078538894653,0.0,-0.01132193673402071,0
3228.1328125,60080,165,82.35294222831726,0.0,-0.011295698583126068,0
3229.58984375,60111,166,82.35294222831726,0.0,-0.011274765245616436,0
3231.0546875,60143,167,82.35294222831726,0.0,-0.011251309886574745,0
3232.52734375,60174,168,82.74509906768799,0.0,-0.01325675193220377,0
3234.0078125,60206,169,83.52941274642944,0.0,-0.026355640962719917,0
3235.5078125,60237,170,85.09804010391235,0.0,-0.042351242154836655,0
3237.02734375,60269,171,87.45098114013672,0.0,-0.05786306783556938,0
3238.55859375,60301,172,89.01960849761963,0.0,-0.07254502177238464,0
3240.11328125,60333,174,90.58823585510254,0.0,-0.08636488020420074,0
3241.6953125,60365,175,91.372549533844,0.0,-0.09927921742200851,0
3243.296875,60397,176,92.54902005195618,0.0,-0.07231961935758591,0
3244.9140625,60430,177,93.33333373069763,0.0,-0.04652070626616478,0
3246.546875,60463,178,93.33333373069763,0.0,-0.057608045637607574,0
3248.1796875,60495,179,91.76470637321472,0.0,-0.07373929023742676,0
3249.81640625,60528,180,81.5686285495758,0.0,-0.08809034526348114,0
3251.44921875,60561,181,53.72549295425415,0.0,-0.10622434318065643,0
3253.0625,60593,181,20.39215713739395,0.0,-0.12359084188938141,0
3254.6640625,60625,180,0.0,0.0,-0.14004485309123993,0
3256.2578125,60657,180,0.0,0.0,-0.15578339993953705,0
3257.83984375,60689,179,0.0,0.0,-0.17130997776985168,0
3259.421875,60721,178,0.0,0.0,-0.1866772174835205,0
3261.015625,60753,178,0.0,0.0,-0.20201808214187622,0
3262.59765625,60785,177,0.0,0.0,-0.21745991706848145,0
3264.16796875,60817,177,0.0,0.0,-0.23285803198814392,0
3265.73046875,60850,176,0.0,0.0,-0.24816454946994781,0
3267.27734375,60882,175,0.0,0.0,-0.263470858335495,0
3268.8125,60914,174,0.0,0.0,-0.2786411941051483,0
3270.328125,60946,174,0.0,0.0,-0.2209264189004898,0
3271.80859375,60978,173,0.0,0.0,-0.18369565904140472,0
3273.28515625,61010,172,0.0,0.0,-0.13284392654895782,0
3274.7578125,61041,172,0.0,0.0,-0.08608436584472656,0
3276.2265625,61073,171,0.0,0.0,-0.04656291380524635,0
3277.69140625,61104,171,0.0,0.0,-0.013650631532073021,0
3279.1640625,61135,170,0.0,0.0,-0.0,0
3280.64453125,61167,170,0.0,0.0,-0.012407093308866024,0
3282.125,61198,170,0.0,0.0,-0.031809188425540924,0
3283.62109375,61230,169,0.0,0.0,-0.04764009267091751,0
3285.12109375,61261,169,0.0,0.0,-0.06324255466461182,0
3286.625,61293,169,0.0,0.0,-0.07830216735601425,0
3288.13671875,61324,168,0.0,0.0,-0.09277692437171936,0
3289.65625,61356,168,0.0,0.0,-0.10664595663547516,0
3291.234375,61387,167,0.0,0.0,-0.12012074142694473,0
3292.8203125,61419,167,0.0,0.0,-0.13308197259902954,0
3294.37890625,61451,166,0.0,0.0,-0.14576603472232819,0
3295.921875,61482,166,0.0,0.0,-0.1485072821378708,0
3297.4609375,61514,166,0.0,0.0,-0.1474020779132843,0
3298.9921875,61545,165,0.0,0.0,-0.15124347805976868,0
3300.5234375,61577,165,0.0,0.0,-0.15682931244373322,0
3302.04296875,61608,164,0.0,0.0,-0.1581820249557495,0
3303.578125,61640,164,0.0,0.0,-0.16028380393981934,0
3305.1640625,61672,163,0.0,0.0,-0.1614321917295456,0
3306.75,61705,161,0.0,63.06354999542236,-0.16763974726200104,0
3308.35546875,61738,158,0.0,100.0,-0.1763070821762085,0
3309.9296875,61773,156,0.0,100.0,-0.17509233951568604,0
3311.4765625,61807,153,0.0,100.0,-0.18327677249908447,0
3312.96484375,61841,151,0.0,100.0,-0.19508880376815796,0
3314.41015625,61876,148,0.0,100.0,-0.1883590817451477,0
3315.77734375,61910,146,0.0,100.0,-0.20116084814071655,0
3317.1015625,61943,144,0.0,100.0,-0.2111724615097046,0
3318.375,61976,141,0.0,100.0,-0.21875248849391937,0
3319.62890625,62008,139,0.0,100.0,-0.21560202538967133,0
3320.8515625,62041,137,0.0,39.345234632492065,-0.21892839670181274,0
3322.0859375,62073,137,0.0,0.0,-0.22237041592597961,0
3323.3203125,62105,136,0.0,0.0,-0.22374002635478973,0
3324.5625,62138,135,0.0,0.0,-0.22959573566913605,0
3325.80078125,62171,135,0.0,0.0,-0.21878507733345032,0
3327.03515625,62204,134,0.0,0.0,-0.2127111554145813,0
3328.26953125,62237,134,0.0,0.0,-0.2111431062221527,0
3329.484375,62271,133,0.0,0.0,-0.20926716923713684,0
3330.67578125,62304,133,0.0,0.0,-0.20130452513694763,0
3331.83984375,62336,132,0.0,0.0,-0.20948052406311035,0
3332.9921875,62369,132,0.0,0.0,-0.20911440253257751,0
3334.1328125,62402,131,0.0,0.0,-0.20380976796150208,0
3335.25390625,62434,131,0.0,0.0,-0.20842644572257996,0
3336.3671875,62467,131,0.0,0.0,-0.19799329340457916,0
3337.46875,62499,130,0.0,0.0,-0.2081831395626068,0
3338.5546875,62532,130,0.0,0.0,-0.19816401600837708,0
3339.6171875,62564,128,0.0,100.0,-0.21142493188381195,0
3340.65234375,62597,126,0.0,100.0,-0.21097403764724731,0
3341.66796875,62629,124,0.0,100.0,-0.21882006525993347,0
3342.67578125,62661,122,0.0,100.0,-0.2272740602493286,0
3343.67578125,62694,120,0.0,100.0,-0.2334631383419037,0
3344.66015625,62726,118,0.0,100.0,-0.24191798269748688,0
3345.62890625,62759,116,0.0,100.0,-0.23837921023368835,0
3346.5859375,62792,114,0.0,100.0,-0.24074847996234894,0
3347.53515625,62825,112,0.0,100.0,-0.24318528175354004,0
3348.52734375,62858,110,0.0,77.21701264381409,-0.24538889527320862,0
3349.5078125,62891,109,0.0,31.259283423423767,-0.24729974567890167,0
3350.484375,62924,108,0.0,0.0,-0.24789337813854218,0
3351.4609375,62956,107,0.0,0.0,-0.26639100909233093,0
3352.44140625,62989,107,0.0,0.0,-0.2465614229440689,0
3353.4140625,63022,107,0.0,0.0,-0.25196027755737305,0
3354.3828125,63055,106,0.0,0.0,-0.2442476749420166,0
3355.3515625,63088,106,0.0,0.0,-0.24951735138893127,0
3356.31640625,63121,105,0.0,0.0,-0.23880323767662048,0
3357.2734375,63154,105,0.0,0.0,-0.2551044821739197,0
3358.2265625,63186,105,0.0,0.0,-0.19949673116207123,0
3359.16796875,63219,104,0.0,0.0,-0.12369294464588165,0
3360.109375,63251,104,0.0,0.0,-0.06401246041059494,0
3361.046875,63284,104,0.0,0.0,-0.018070677295327187,0
3361.98828125,63316,103,0.0,0.0,-0.0,0
3362.9296875,63349,103,4.313725605607033,0.0,-0.0,0
3363.8671875,63382,103,14.11764770746231,0.0,-0.0,0
3364.8125,63414,103,23.9215686917305,0.0,-0.0,0
3365.76171875,63447,104,35.29411852359772,0.0,-0.0,0
3366.71484375,63480,104,43.92156898975372,0.0,-0.0,0
3367.671875,63513,105,46.666666865348816,0.0,-0.0,0
3368.62890625,63545,105,48.627451062202454,0.0,0.018086077645421028,0
3369.58984375,63578,106,51.76470875740051,0.0,0.04135238006711006,0
3370.5625,63610,107,54.90196347236633,0.0,0.07182247936725616,0
3371.54296875,63643,107,55.29412031173706,0.0,0.10105974972248077,0
3372.53125,63675,108,55.29412031173706,0.0,0.1289716362953186,0
3373.52734375,63708,109,54.90196347236633,0.0,0.15098124742507935,0
3374.53515625,63741,110,53.33333611488342,0.0,0.1060824766755104,0
3375.55078125,63773,110,52.941179275512695,0.0,0.06491177529096603,0
3376.56640625,63806,111,52.941179275512695,0.0,0.027178656309843063,0
3377.58984375,63839,112,53.33333611488342,0.0,0.0018230899004265666,0
3378.62109375,63872,112,53.72549295425415,0.0,-0.0,0
3379.65234375,63904,113,54.509806632995605,0.0,-0.0,0
3380.6953125,63937,114,55.29412031173706,0.0,-0.0,0
3381.74609375,63969,115,56.078433990478516,0.0,-0.0,0
3382.8046875,64002,116,56.078433990478516,0.0,-0.0,0
3383.87109375,64035,116,56.86274766921997,0.0,-0.0,0
3384.9453125,64068,117,56.86274766921997,0.0,-0.0,0
3386.02734375,64100,118,57.2549045085907,0.0,-0.0,0
3387.12109375,64133,119,57.2549045085907,0.0,-0.002346519846469164,0
3388.21875,64166,120,57.2549045085907,0.0,-0.018278922885656357,0
3389.31640625,64199,120,57.2549045085907,0.0,-0.038260240107774734,0
3390.421875,64231,121,57.2549045085907,0.0,-0.05620192736387253,0
3391.5390625,64264,122,57.647061347961426,0.0,-0.02415103279054165,0
3392.66015625,64297,123,57.2549045085907,0.0,-0.0014842402888461947,0
3393.7890625,64329,124,57.647061347961426,0.0,-0.0,0
3394.921875,64362,124,57.647061347961426,0.0,-0.0,0
3396.0625,64394,125,57.647061347961426,0.0,-0.0,0
3397.21484375,64427,126,58.43137502670288,0.0,-0.0,0
3398.375,64460,127,58.82353186607361,0.0,-0.0,0
3399.54296875,64492,127,59.215688705444336,0.0,-0.0,0
3400.7109375,64525,128,59.60784554481506,0.0,-0.0,0
3401.8828125,64557,129,60.00000238418579,0.0,-0.0,0
3403.0703125,64590,130,60.39215922355652,0.0,-0.0,0
3404.265625,64623,131,60.784316062927246,0.0,-0.0,0
3405.46484375,64655,132,61.176472902297974,0.0,-0.0,0
3406.671875,64688,132,61.5686297416687,0.0,-0.0,0
3407.88671875,64720,133,61.96078658103943,0.0,-0.0,0
3409.12109375,64753,134,62.352943420410156,0.0,-0.0,0
3410.359375,64786,135,62.745100259780884,0.0,-0.0,0
3411.59765625,64819,136,63.921570777893066,0.0,-0.0,0
3412.83984375,64851,137,64.70588445663452,0.0,-0.0,0
3414.09765625,64884,138,65.8823549747467,0.0,-0.0,0
3415.36328125,64916,139,67.45098233222961,0.0,-0.0,0
3416.640625,64949,140,69.41176652908325,0.0,-0.0,0
3417.92578125,64982,141,71.76470756530762,0.0,-0.0,0
3419.2265625,65014,142,75.68627595901489,0.0,-0.0,0
3420.5390625,65047,143,78.03921699523926,0.0,-0.0,0
3421.86328125,65080,144,79.60784435272217,0.0,-0.0,0
3423.19921875,65113,145,80.0000011920929,0.0,-0.0,0
3424.54296875,65145,146,80.39215803146362,0.0,-0.0,0
3425.9140625,65178,148,80.78431487083435,0.0,-0.0,0
3427.296875,65211,149,81.17647171020508,0.0,-0.0,0
3428.6953125,65245,150,81.17647171020508,0.0,-0.0,0
3430.11328125,65278,151,81.5686285495758,0.0,-0.0,0
3431.5390625,65311,153,81.96078538894653,0.0,-0.0,0
3432.98046875,65345,154,81.96078538894653,0.0,-0.0,0
3434.4296875,65378,155,82.35294222831726,0.0,-0.0,0
3435.8828125,65412,156,83.13725590705872,0.0,-0.0,0
3437.34765625,65445,157,83.92156958580017,0.0,-0.0,0
3438.83984375,65478,159,85.49019694328308,0.0,-0.0,0
3440.33203125,65512,160,87.05882430076599,0.0,-0.0,0
3441.8359375,65545,161,89.01960849761963,0.0,-0.0,0
3443.35546875,65578,163,90.58823585510254,0.0,-0.0,0
3444.890625,65612,164,92.15686321258545,0.0,-0.0,0
3446.4296875,65645,165,93.33333373069763,0.0,-0.0,0
3447.98046875,65678,167,94.11764740943909,0.0,-0.0,0
3449.5234375,65711,168,95.29411792755127,0.0,-0.0,0
3451.0859375,65744,170,96.07843160629272,0.0,-0.0,0
3452.6640625,65777,171,96.86274528503418,0.0,-0.0,0
3454.23828125,65810,173,97.64705896377563,0.0,-0.0,0
3455.8359375,65842,174,98.03921580314636,0.0,-0.0,0
3457.4453125,65875,175,98.03921580314636,0.0,-0.0,0
3459.07421875,65908,177,98.43137264251709,0.0,-0.0,0
3460.71875,65941,178,98.43137264251709,0.0,-0.0,0
3462.37890625,65974,180,98.43137264251709,0.0,-0.0,0
3464.05078125,66007,181,98.82352948188782,0.0,0.007030394393950701,0
3465.73828125,66040,182,98.82352948188782,0.0,0.01864464581012726,0
3467.45703125,66073,184,99.21568632125854,0.0,0.0335448794066906,0
3469.1875,66106,185,99.21568632125854,0.0,0.05138671025633812,0
3470.92578125,66139,186,99.60784316062927,0.0,0.06850794702768326,0
3472.67578125,66173,188,99.60784316062927,0.0,0.08424734324216843,0
3474.4453125,66206,189,99.60784316062927,0.0,0.06802427023649216,0
3476.234375,66240,190,100.0,0.0,0.042012132704257965,0
3478.03515625,66273,191,100.0,0.0,0.01824342831969261,0
3479.83984375,66307,192,100.0,0.0,0.0019976540934294462,0
3481.65625,66340,193,100.0,0.0,-0.0,0
3483.48046875,66374,195,100.0,0.0,-0.0,0
3485.3203125,66407,196,100.0,0.0,-0.0,0
3487.16796875,66441,197,100.0,0.0,-0.0,0
3489.0234375,66474,199,100.0,0.0,-0.0,0
3490.87890625,66507,200,100.0,0.0,-0.0,0
3492.74609375,66541,201,100.0,0.0,-0.0,0
3494.625,66574,202,100.0,0.0,-0.0,0
3496.515625,66607,204,100.0,0.0,-0.0,0
3498.41796875,66640,205,100.0,0.0,-0.0,0
3500.37109375,66673,206,100.0,0.0,-0.0,0
3502.3515625,66707,207,100.0,0.0,-0.0,0
3504.3359375,66741,208,100.0,0.0,-0.0,0
3506.32421875,66775,210,100.0,0.0,0.01656104251742363,0
3508.3203125,66809,211,100.0,0.0,0.02979566901922226,0
3510.328125,66843,212,100.0,0.0,0.0460764579474926,0
3512.34375,66877,213,100.0,0.0,0.06285392493009567,0
3514.3203125,66911,214,100.0,0.0,0.07478884607553482,0
3516.29296875,66944,215,100.0,0.0,0.06360327452421188,0
3518.28125,66976,216,100.0,0.0,0.039352335035800934,0
3520.28125,67009,217,100.0,0.0,0.017101135104894638,0
3522.296875,67042,218,100.0,0.0,0.0019499933114275336,0
3524.3203125,67075,220,100.0,0.0,-0.0,0
3526.35546875,67108,221,100.0,0.0,-0.0,0
3528.39453125,67141,222,100.0,0.0,-0.0,0
3530.44921875,67174,223,100.0,0.0,-0.0,0
3532.5078125,67207,224,100.0,0.0,-0.0,0
3534.5625,67240,225,100.0,0.0,-0.0,0
3536.6171875,67273,226,100.0,0.0,-0.0,0
3538.6796875,67305,226,100.0,0.0,-0.0,0
3540.7578125,67338,227,100.0,0.0,-0.0,0
3542.84375,67371,228,100.0,0.0,-0.0,0
3544.9296875,67403,229,100.0,0.0,-0.0,0
3547.03515625,67436,230,100.0,0.0,-0.0,0
3549.15234375,67469,231,100.0,0.0,-0.0,0
3551.2734375,67502,232,100.0,0.0,-0.0,0
3553.390625,67534,233,100.0,0.0,0.0021582855843007565,0
3555.50390625,67567,234,100.0,0.0,0.013771786354482174,0
3557.6328125,67599,235,100.0,0.0,0.030699629336595535,0
3559.765625,67632,236,100.0,0.0,0.04714929312467575,0
3561.92578125,67664,237,100.0,0.0,0.06293240934610367,0
3564.12109375,67697,238,100.0,0.0,0.07407268136739731,0
3566.37890625,67730,239,100.0,0.0,0.04891582578420639,0
3568.6640625,67764,239,100.0,0.0,0.02556340955197811,0
3570.9765625,67798,240,100.0,0.0,0.0039160591550171375,0
3573.3359375,67832,241,100.0,0.0,-0.0,0
3575.6875,67867,242,100.0,0.0,-0.0,0
3578.0390625,67902,243,100.0,0.0,-0.0,0
3580.35546875,67937,244,100.0,0.0,0.0006706569110974669,0
3582.640625,67971,245,100.0,0.0,0.001565217156894505,0
3584.92578125,68004,246,100.0,0.0,0.0006699601653963327,0
3587.20703125,68037,247,100.0,0.0,-0.0,0
3589.44921875,68071,248,100.0,0.0,-0.0,0
3591.734375,68103,249,100.0,0.0,-0.0,0
3594.01953125,68136,250,100.0,0.0,-0.0,0
3596.3359375,68169,250,100.0,0.0,-0.0,0
3598.64453125,68202,251,100.0,0.0,-0.0,0
3600.9609375,68235,252,100.0,0.0,-0.0,0
3603.29296875,68268,253,100.0,0.0,-0.0,0
3605.6328125,68301,254,100.0,0.0,-0.0,0
3607.9765625,68334,255,100.0,0.0,-0.0,0
3610.3203125,68367,255,100.0,0.0,-0.0,0
3612.6640625,68400,256,100.0,0.0,-0.0,0
3615.04296875,68433,257,100.0,0.0,-0.0,0
3617.421875,68466,258,100.0,0.0,-0.0,0
3619.78515625,68499,258,100.0,0.0,-0.0,0
3622.15625,68532,259,100.0,0.0,-0.0,0
3624.53125,68565,259,100.0,0.0,-0.0,0
3626.90234375,68598,260,100.0,0.0,-0.0,0
3629.296875,68630,261,100.0,0.0,-0.0,0
3631.66796875,68663,262,100.0,0.0,-0.0,0
3634.04296875,68696,263,100.0,0.0,-0.0,0
3636.43359375,68728,263,100.0,0.0,-0.0,0
3638.84375,68761,264,100.0,0.0,-0.0,0
3641.25390625,68793,265,100.0,0.0,-0.0,0
3643.671875,68826,266,100.0,0.0,-0.0,0
3646.10546875,68859,266,100.0,0.0,-0.0,0
3648.53125,68891,267,100.0,0.0,-0.0,0
3650.98046875,68924,268,100.0,0.0,-0.0,0
3653.4453125,68957,268,100.0,0.0,-0.0,0
3655.890625,68990,269,100.0,0.0,-0.0,0
3658.35546875,69022,270,100.0,0.0,-0.0,0
3660.83203125,69055,271,100.0,0.0,-0.0,0
3663.30859375,69088,271,100.0,0.0,-0.0,0
3665.8046875,69121,272,100.0,0.0,-0.0,0
3668.30078125,69154,273,100.0,0.0,-0.0,0
3670.796875,69186,273,100.0,0.0,-0.0,0
3673.30078125,69219,274,100.0,0.0,-0.0,0
3675.8125,69252,275,100.0,0.0,-0.0,0
3678.328125,69285,275,100.0,0.0,-0.0,0
3680.84765625,69318,276,100.0,0.0,-0.0,0
3683.37890625,69350,277,100.0,0.0,-0.0,0
3685.91796875,69383,277,100.0,0.0,-0.0,0
3688.47265625,69416,278,100.0,0.0,0.005274784751236439,0
3691.03125,69449,279,100.0,0.0,0.016120988875627518,0
3693.59765625,69482,279,100.0,0.0,0.02865106612443924,0
3696.171875,69515,280,100.0,0.0,0.044544659554958344,0
3698.734375,69548,280,100.0,0.0,0.0236853938549757,0
3701.296875,69581,281,100.0,0.0,0.004237224347889423,0
3703.859375,69614,282,100.0,0.0,-0.0,0
3706.41796875,69646,282,100.0,0.0,-0.0,0
3709.0,69679,283,100.0,0.0,-0.0,0
3711.609375,69712,283,100.0,0.0,-0.0,0
3714.22265625,69745,284,100.0,0.0,-0.0,0
3716.85546875,69778,285,100.0,0.0,-0.0,0
3719.51953125,69811,285,100.0,0.0,-0.0,0
3722.19921875,69844,286,100.0,0.0,-0.0,0
3724.88671875,69878,286,100.0,0.0,-0.0,0
3727.55859375,69912,287,100.0,0.0,-0.0,0
3730.23046875,69945,287,100.0,0.0,-0.0,0
3732.92578125,69979,288,100.0,0.0,-0.0,0
3735.6171875,70012,288,100.0,0.0,-0.0,0
3738.29296875,70046,289,100.0,0.0,-0.00864213053137064,0
3740.984375,70079,289,100.0,0.0,-0.01828887313604355,0
3743.671875,70113,290,100.0,0.0,-0.031525325030088425,0
3746.37109375,70146,290,100.0,0.0,-0.04627074673771858,0
3749.0703125,70179,291,100.0,0.0,-0.061082951724529266,0
3751.7734375,70213,291,100.0,0.0,-0.0754823312163353,0
3754.5078125,70246,291,100.0,0.0,-0.08984743058681488,0
3757.234375,70280,291,100.0,0.0,-0.10102056711912155,0
3759.95703125,70313,292,100.0,0.0,-0.07590742409229279,0
3762.70703125,70347,292,100.0,0.0,-0.05258374661207199,0
3765.4609375,70381,292,100.0,0.0,-0.06461365520954132,0
3768.22265625,70415,292,100.0,17.04392433166504,-0.07728405296802521,0
3770.94921875,70449,290,97.64705896377563,100.0,-0.08965933322906494,0
3773.62890625,70483,287,35.29411852359772,100.0,-0.10202345997095108,0
3776.27734375,70517,283,0.0,100.0,-0.11433348804712296,0
3778.8828125,70551,279,0.0,100.0,-0.1278490424156189,0
3781.453125,70585,275,0.0,100.0,-0.11117278784513474,0
3784.00390625,70619,272,0.0,100.0,-0.12232876569032669,0
3786.51953125,70653,269,0.0,100.0,-0.13610880076885223,0
3789.015625,70687,266,0.0,100.0,-0.1061500757932663,0
3791.4921875,70722,263,0.0,100.0,-0.06756241619586945,0
3793.94140625,70756,260,0.0,100.0,-0.03411492332816124,0
3796.36328125,70790,257,0.0,100.0,-0.005415447987616062,0
3798.7578125,70824,253,0.0,100.0,-0.0,0
3801.1328125,70858,249,0.0,100.0,-0.0,0
3803.4765625,70892,245,0.0,100.0,-0.0,0
3805.7890625,70927,241,0.0,95.93835473060608,-0.000882176507730037,0
3808.078125,70961,239,0.0,7.07966685295105,-0.01333387941122055,0
3810.3671875,70995,238,0.0,0.0,-0.02878612093627453,0
3812.640625,71029,238,0.0,0.0,-0.05154022201895714,0
3814.8984375,71062,237,0.0,0.0,-0.07348723709583282,0
3817.15234375,71096,237,0.0,0.0,-0.09452389925718307,0
3819.3984375,71130,236,0.0,0.0,-0.114780493080616,0
3821.625,71163,235,0.0,0.0,-0.13420891761779785,0
3823.8515625,71197,235,0.0,0.0,-0.1528899222612381,0
3826.0546875,71230,234,0.0,0.0,-0.17119678854942322,0
3828.23828125,71264,233,0.0,0.0,-0.18926586210727692,0
3830.40625,71297,232,0.0,0.0,-0.20724841952323914,0
3832.546875,71330,231,0.0,0.0,-0.22513972222805023,0
3834.6484375,71363,229,0.0,8.268392086029053,-0.2427595853805542,0
3836.73046875,71396,227,0.0,100.0,-0.26008981466293335,0
3838.78515625,71430,224,0.0,100.0,-0.2774328887462616,0
3840.8125,71463,222,0.0,100.0,-0.29478156566619873,0
3842.8125,71496,219,0.0,100.0,-0.3119317591190338,0
3844.78125,71529,216,0.0,100.0,-0.3288162648677826,0
3846.72265625,71562,214,0.0,100.0,-0.3454444706439972,0
3848.625,71594,211,0.0,100.0,-0.3618069887161255,0
3850.48046875,71627,209,0.0,100.0,-0.37783747911453247,0
3852.30078125,71659,206,0.0,100.0,-0.3935603201389313,0
3854.1875,71691,204,0.0,100.0,-0.40900176763534546,0
3856.0390625,71725,201,0.0,100.0,-0.42505085468292236,0
3857.8828125,71759,199,0.0,100.0,-0.4408133029937744,0
3859.67578125,71793,196,0.0,100.0,-0.4564688503742218,0
3861.4609375,71827,193,0.0,100.0,-0.47168707847595215,0
3863.20703125,71861,191,0.0,47.63339459896088,-0.4868115782737732,0
3864.94921875,71894,190,0.0,0.0,-0.5014955401420593,0
3866.59765625,71928,188,0.0,0.0,-0.4947657287120819,0
3868.234375,71960,187,0.0,0.0,-0.4894523322582245,0
3869.8515625,71992,186,0.0,0.0,-0.4834003150463104,0
3871.484375,72024,185,0.0,0.0,-0.4793948233127594,0
3873.0859375,72056,184,0.0,0.0,-0.4772569537162781,0
3874.69140625,72087,183,0.0,0.0,-0.47566404938697815,0
3876.265625,72120,182,0.0,0.0,-0.4758653938770294,0
3877.82421875,72152,181,0.0,0.0,-0.47866618633270264,0
3879.37109375,72183,180,0.0,0.0,-0.485004186630249,0
3880.8984375,72215,178,0.0,0.0,-0.4895717203617096,0
3882.4296875,72247,177,0.0,0.0,-0.4909961223602295,0
3883.9609375,72279,176,0.0,0.0,-0.4929065704345703,0
3885.48046875,72311,175,0.0,0.0,-0.4952537715435028,0
3887.01171875,72343,174,0.0,0.0,-0.4458969235420227,0
3888.5390625,72376,173,9.41176488995552,0.0,-0.39241138100624084,0
3890.05859375,72409,173,20.39215713739395,0.0,-0.33813533186912537,0
3891.578125,72441,172,25.49019753932953,0.0,-0.2872147262096405,0
3893.09765625,72473,172,30.588236451148987,0.0,-0.240902379155159,0
3894.609375,72506,171,33.33333432674408,0.0,-0.25731804966926575,0
3896.125,72538,171,35.686275362968445,0.0,-0.2761887013912201,0
3897.61328125,72570,171,38.43137323856354,0.0,-0.29627758264541626,0
3899.09765625,72602,171,40.7843142747879,0.0,-0.31381893157958984,0
3900.58203125,72634,170,41.960784792900085,0.0,-0.3316252529621124,0
3902.0625,72666,170,41.960784792900085,0.0,-0.28130289912223816,0
3903.54296875,72698,170,41.960784792900085,0.0,-0.23262612521648407,0
3905.03125,72730,170,43.13725531101227,0.0,-0.17161130905151367,0
3906.5234375,72762,170,43.529412150382996,0.0,-0.1119377389550209,0
3908.02734375,72794,170,44.70588266849518,0.0,-0.0629039779305458,0
3909.53125,72827,171,45.88235318660736,0.0,-0.02462089993059635,0
3911.046875,72859,171,46.666666865348816,0.0,-0.0008820645161904395,0
3912.5703125,72891,171,47.45098054409027,0.0,-0.0,0
3914.1015625,72924,172,47.843137383461,0.0,-0.0,0
3915.6328125,72956,172,48.235294222831726,0.0,-0.0,0
3917.171875,72989,172,48.627451062202454,0.0,-0.0,0
3918.73046875,73021,173,49.01960790157318,0.0,-0.0,0
3920.3046875,73054,173,49.01960790157318,0.0,-0.0,0
3921.89453125,73087,174,49.41176474094391,0.0,-0.0,0
3923.4921875,73119,174,49.803921580314636,0.0,-0.0,0
3925.09375,73153,174,50.1960813999176,0.0,-0.0,0
3926.69921875,73186,175,50.1960813999176,0.0,-0.0,0
3928.3046875,73219,175,50.1960813999176,0.0,-0.0,0
3929.9140625,73251,175,50.1960813999176,0.0,-0.0,0
3931.51953125,73284,176,50.58823823928833,0.0,-0.0,0
3933.12109375,73317,176,51.372551918029785,0.0,-0.0,0
3934.7265625,73350,177,51.76470875740051,0.0,-0.0,0
3936.33984375,73383,177,52.54902243614197,0.0,-0.0,0
3937.96484375,73415,177,54.90196347236633,0.0,-0.0,0
3939.58984375,73448,178,56.078433990478516,0.0,-0.0,0
3941.21875,73481,178,56.86274766921997,0.0,-0.0,0
3942.859375,73514,179,57.2549045085907,0.0,-0.0,0
3944.50390625,73547,179,57.647061347961426,0.0,-0.0,0
3946.14453125,73580,180,57.647061347961426,0.0,-0.007060924544930458,0
3947.77734375,73613,180,58.43137502670288,0.0,-0.021196790039539337,0
3949.4140625,73645,181,59.215688705444336,0.0,-0.038798071444034576,0
3951.0546875,73678,181,59.60784554481506,0.0,-0.054108377546072006,0
3952.70703125,73710,182,60.39215922355652,0.0,-0.06897970288991928,0
3954.359375,73743,182,60.784316062927246,0.0,-0.08334507793188095,0
3956.01953125,73776,183,61.176472902297974,0.0,-0.09706718474626541,0
3957.68359375,73809,183,61.5686297416687,0.0,-0.1100989505648613,0
3959.34765625,73842,184,61.5686297416687,0.0,-0.1226322203874588,0
3961.015625,73874,184,61.5686297416687,0.0,-0.13464289903640747,0
3962.67578125,73907,184,61.5686297416687,0.0,-0.1407909393310547,0
3964.33203125,73939,185,61.5686297416687,0.0,-0.14571835100650787,0
3965.98828125,73972,185,61.5686297416687,0.0,-0.14730723202228546,0
3967.64453125,74004,185,61.96078658103943,0.0,-0.1590120941400528,0
3969.3046875,74036,186,61.96078658103943,0.0,-0.17541074752807617,0
3970.95703125,74068,186,62.352943420410156,0.0,-0.14388926327228546,0
3972.609375,74101,186,62.745100259780884,0.0,-0.1099923700094223,0
3974.2734375,74133,187,62.745100259780884,0.0,-0.08171740174293518,0
3975.93359375,74166,187,62.745100259780884,0.0,-0.10227427631616592,0
3977.60546875,74199,187,62.745100259780884,0.0,-0.1212177500128746,0
3979.28515625,74231,188,63.52941393852234,0.0,-0.13965816795825958,0
3980.95703125,74264,188,64.3137276172638,0.0,-0.15676645934581757,0
3982.625,74297,188,65.09804129600525,0.0,-0.1731439232826233,0
3984.3046875,74329,189,65.49019813537598,0.0,-0.1892518252134323,0
3985.98828125,74362,189,65.8823549747467,0.0,-0.20480625331401825,0
3987.67578125,74394,189,65.8823549747467,0.0,-0.21898797154426575,0
3989.37109375,74427,189,66.27451181411743,0.0,-0.1813013255596161,0
3991.06640625,74460,190,66.66666865348816,0.0,-0.14323407411575317,0
3992.7734375,74492,190,67.05882549285889,0.0,-0.0933128297328949,0
3994.484375,74525,191,67.45098233222961,0.0,-0.05155408754944801,0
3996.203125,74557,191,67.45098233222961,0.0,-0.01864132657647133,0
3997.92578125,74590,192,67.45098233222961,0.0,-0.0095745287835598,0
3999.65234375,74622,192,67.84313917160034,0.0,-0.022046733647584915,0
4001.3828125,74655,193,67.84313917160034,0.0,-0.03653167933225632,0
4003.125,74687,193,68.23529601097107,0.0,-0.050155721604824066,0
4004.8828125,74720,194,68.23529601097107,0.0,-0.06579849869012833,0
4006.640625,74752,194,68.23529601097107,0.0,-0.06326128542423248,0
4008.40234375,74785,195,68.6274528503418,0.0,-0.03402375802397728,0
4010.171875,74817,195,69.01960968971252,0.0,-0.006224292330443859,0
4011.9453125,74850,196,69.01960968971252,0.0,-0.0,0
4013.7265625,74882,196,69.01960968971252,0.0,-0.008286277763545513,0
4015.5,74915,197,69.41176652908325,0.0,-0.021559663116931915,0
4017.2734375,74947,198,69.41176652908325,0.0,-0.038755159825086594,0
4019.0546875,74979,198,69.41176652908325,0.0,-0.05558924004435539,0
4020.8515625,75012,199,69.41176652908325,0.0,-0.071497842669487,0
4022.66015625,75044,199,69.80392336845398,0.0,-0.087134949862957,0
4024.47265625,75076,200,69.80392336845398,0.0,-0.10181104391813278,0
4026.30078125,75108,200,70.1960802078247,0.0,-0.11586872488260269,0
4028.1328125,75141,200,70.1960802078247,0.0,-0.12920036911964417,0
4029.96875,75173,201,70.1960802078247,0.0,-0.13584153354167938,0
4031.80078125,75206,201,70.58823704719543,0.0,-0.14949338138103485,0
4033.6328125,75238,201,70.98039388656616,0.0,-0.11948011070489883,0
4035.46484375,75271,202,71.37255072593689,0.0,-0.09039795398712158,0
4037.296875,75303,202,71.37255072593689,0.0,-0.06395742297172546,0
4039.125,75335,203,71.76470756530762,0.0,-0.08015553653240204,0
4040.95703125,75368,203,71.76470756530762,0.0,-0.09568159282207489,0
4042.796875,75400,203,71.76470756530762,0.0,-0.11125694960355759,0
4044.65234375,75432,204,72.15686440467834,0.0,-0.12582099437713623,0
4046.515625,75464,204,72.54902124404907,0.0,-0.13976728916168213,0
4048.39453125,75497,204,72.9411780834198,0.0,-0.15230858325958252,0
4050.30078125,75530,205,72.9411780834198,0.0,-0.11967985332012177,0
4052.2109375,75562,205,72.9411780834198,0.0,-0.08651785552501678,0
4054.125,75595,206,73.33333492279053,0.0,-0.057046521455049515,0
4056.046875,75628,206,73.33333492279053,0.0,-0.06959611177444458,0
4057.953125,75661,206,73.33333492279053,0.0,-0.08698982000350952,0
4059.859375,75694,207,73.33333492279053,0.0,-0.10624205321073532,0
4061.76171875,75726,207,73.72549176216125,0.0,-0.1217740923166275,0
4063.65625,75759,208,73.72549176216125,0.0,-0.13794797658920288,0
4065.5625,75791,208,74.11764860153198,0.0,-0.15293923020362854,0
4067.48046875,75824,208,74.90196228027344,0.0,-0.16651280224323273,0
4069.3984375,75856,209,75.29411911964417,0.0,-0.18348024785518646,0
4071.3203125,75889,209,75.68627595901489,0.0,-0.15259483456611633,0
4073.25,75922,209,76.07843279838562,0.0,-0.1180511862039566,0
4075.17578125,75954,209,76.47058963775635,0.0,-0.08497922867536545,0
4077.09375,75987,210,76.47058963775635,0.0,-0.05499710515141487,0
4079.015625,76019,210,76.86274647712708,0.0,-0.035936806350946426,0
4080.9453125,76051,211,77.2549033164978,0.0,-0.04840727150440216,0
4082.89453125,76083,211,77.2549033164978,0.0,-0.06148863211274147,0
4084.84765625,76116,212,77.64706015586853,0.0,-0.07391097396612167,0
4086.80078125,76148,212,78.03921699523926,0.0,-0.04649975523352623,0
4088.76171875,76180,213,78.82353067398071,0.0,-0.019634472206234932,0
4090.7265625,76213,213,79.60784435272217,0.0,-0.000504473049659282,0
4092.6953125,76245,214,80.0000011920929,0.0,-0.0,0
4094.66015625,76278,215,80.0000011920929,0.0,-0.009711893275380135,0
4096.61328125,76310,215,80.39215803146362,0.0,-0.02484815940260887,0
4098.5703125,76342,216,80.39215803146362,0.0,-0.04155658185482025,0
4100.5390625,76374,216,80.78431487083435,0.0,-0.05765693262219429,0
4102.51953125,76406,217,80.78431487083435,0.0,-0.07305598258972168,0
4104.515625,76439,217,81.17647171020508,0.0,-0.08690498024225235,0
4106.51953125,76471,218,81.5686285495758,0.0,-0.10133981704711914,0
4108.52734375,76504,218,81.5686285495758,0.0,-0.11514569073915482,0
4110.5390625,76536,219,81.5686285495758,0.0,-0.12737160921096802,0
4112.546875,76569,219,81.96078538894653,0.0,-0.14013615250587463,0
4114.54296875,76601,219,81.96078538894653,0.0,-0.15255753695964813,0
4116.51953125,76633,220,81.96078538894653,0.0,-0.15488210320472717,0
4118.46875,76665,220,81.96078538894653,0.0,-0.16700921952724457,0
4120.46484375,76697,220,81.96078538894653,0.0,-0.1601385623216629,0
4122.484375,76729,220,81.96078538894653,0.0,-0.1725703924894333,0
4124.47265625,76762,221,81.96078538894653,0.0,-0.1841214895248413,0
4126.45703125,76794,221,82.35294222831726,0.0,-0.15214109420776367,0
4128.44140625,76826,221,82.35294222831726,0.0,-0.11861711740493774,0
4130.421875,76858,221,82.35294222831726,0.0,-0.07532059401273727,0
4132.41015625,76890,222,82.35294222831726,0.0,-0.03918854892253876,0
4134.34765625,76922,222,82.35294222831726,0.0,-0.010062855668365955,0
4136.2578125,76954,223,82.74509906768799,0.0,-0.022550156340003014,0
4138.19921875,76984,223,82.74509906768799,0.0,-0.03821071609854698,0
4140.1484375,77015,224,83.13725590705872,0.0,-0.055329594761133194,0
4142.09375,77046,224,83.52941274642944,0.0,-0.06861607730388641,0
4144.04296875,77078,224,83.92156958580017,0.0,-0.08075933158397675,0
4145.99609375,77109,225,83.92156958580017,0.0,-0.05340671166777611,0
4147.9609375,77140,225,84.3137264251709,0.0,-0.025521449744701385,0
4149.921875,77171,226,84.3137264251709,0.0,-2.801575101329945e-05,0
4151.88671875,77203,226,84.3137264251709,0.0,-0.0,0
4153.859375,77234,227,84.70588326454163,0.0,-0.0,0
4155.8203125,77265,227,84.70588326454163,0.0,-0.0,0
4157.78125,77296,228,84.70588326454163,0.0,-0.0,0
4159.75,77328,228,85.09804010391235,0.0,-0.010837463662028313,0
4161.69921875,77359,229,85.49019694328308,0.0,-0.023614440113306046,0
4163.65234375,77390,230,85.88235378265381,0.0,-0.039540715515613556,0
4165.61328125,77421,230,85.88235378265381,0.0,-0.058872997760772705,0
4167.578125,77452,231,86.27451062202454,0.0,-0.07752098888158798,0
4169.55859375,77483,231,86.66666746139526,0.0,-0.09539823979139328,0
4171.5546875,77514,231,87.05882430076599,0.0,-0.11250350624322891,0
4173.56640625,77545,232,87.45098114013672,0.0,-0.12885227799415588,0
4175.5859375,77576,232,88.23529481887817,0.0,-0.14474183320999146,0
4177.6171875,77607,233,89.01960849761963,0.0,-0.1605033427476883,0
4179.65625,77639,233,89.41176533699036,0.0,-0.17615653574466705,0
4181.71484375,77670,233,89.41176533699036,0.0,-0.1916966587305069,0
4183.78515625,77702,233,89.80392217636108,0.0,-0.20392116904258728,0
4185.86328125,77734,233,90.19607901573181,0.0,-0.1721535623073578,0
4187.9453125,77766,234,90.19607901573181,0.0,-0.1250990331172943,0
4190.03125,77798,234,90.58823585510254,0.0,-0.08310960233211517,0
4192.12109375,77830,234,90.98039269447327,0.0,-0.04736640304327011,0
4194.21484375,77862,235,90.98039269447327,0.0,-0.016999084502458572,0
4196.296875,77894,235,90.98039269447327,0.0,-0.0,0
4198.38671875,77926,236,91.372549533844,0.0,-0.0,0
4200.47265625,77958,236,91.372549533844,0.0,-0.0,0
4202.5625,77989,237,91.76470637321472,0.0,0.01770012639462948,0
4204.6640625,78021,238,92.15686321258545,0.0,0.029069136828184128,0
4206.7734375,78053,238,92.15686321258545,0.0,0.043014492839574814,0
4208.890625,78085,239,92.54902005195618,0.0,0.0614679716527462,0
4211.015625,78117,239,92.9411768913269,0.0,0.08023045212030411,0
4213.1484375,78149,240,92.9411768913269,0.0,0.09762014448642731,0
4215.28515625,78181,240,92.9411768913269,0.0,0.11117514967918396,0
4217.421875,78212,241,92.9411768913269,0.0,0.08019142597913742,0
4219.55859375,78244,241,92.9411768913269,0.0,0.05224285274744034,0
4221.6953125,78276,242,92.9411768913269,0.0,0.026668773964047432,0
4223.828125,78308,242,92.9411768913269,0.0,0.0027894088998436928,0
4225.9609375,78339,243,92.9411768913269,0.0,-0.0,0
4228.08984375,78371,243,93.33333373069763,0.0,-0.0,0
4230.22265625,78402,244,93.33333373069763,0.0,-0.0,0
4232.3671875,78434,245,93.33333373069763,0.0,-0.0,0
4234.51171875,78465,245,93.33333373069763,0.0,-0.0,0
4236.65625,78497,246,93.33333373069763,0.0,-0.0,0
4238.828125,78528,246,93.33333373069763,0.0,-0.0,0
4240.9765625,78560,247,93.72549057006836,0.0,-0.0,0
4243.1328125,78591,247,93.72549057006836,0.0,-0.0,0
4245.31640625,78622,248,94.11764740943909,0.0,-0.0,0
4247.4921875,78654,248,94.50980424880981,0.0,-0.0,0
4249.671875,78685,249,94.50980424880981,0.0,-0.0,0
4251.859375,78716,249,94.90196108818054,0.0,-0.011660865508019924,0
4254.0390625,78748,250,94.90196108818054,0.0,-0.02298159897327423,0
4256.23828125,78779,251,95.29411792755127,0.0,-0.03570489585399628,0
4258.43359375,78811,251,95.686274766922,0.0,-0.050089288502931595,0
4260.6171875,78842,252,96.07843160629272,0.0,-0.06641162931919098,0
4262.80859375,78873,252,96.07843160629272,0.0,-0.04054982587695122,0
4265.01171875,78904,253,96.07843160629272,0.0,-0.016579460352659225,0
4267.23046875,78936,253,96.07843160629272,0.0,-0.0003630598948802799,0
4269.453125,78967,254,96.07843160629272,0.0,-0.0,0
4271.6875,78999,254,96.47058844566345,0.0,-0.0,0
4273.9375,79030,255,96.47058844566345,0.0,-0.0,0
4276.203125,79062,255,96.47058844566345,0.0,-0.0,0
4278.484375,79094,256,96.47058844566345,0.0,-0.0,0
4280.76953125,79126,256,96.86274528503418,0.0,-0.0,0
4283.05859375,79158,257,96.86274528503418,0.0,-0.0,0
4285.34765625,79190,257,96.86274528503418,0.0,-0.0,0
4287.64453125,79222,258,96.86274528503418,0.0,-0.0,0
4289.94921875,79254,258,96.86274528503418,0.0,-0.0,0
4292.24609375,79286,258,96.86274528503418,0.0,-0.0,0
4294.5390625,79318,259,97.25490212440491,0.0,-0.0,0
4296.83984375,79350,259,97.25490212440491,0.0,-0.0,0
4299.15234375,79382,260,97.25490212440491,0.0,-0.0,0
4301.46875,79414,260,97.64705896377563,0.0,-0.0,0
4303.78515625,79446,261,98.03921580314636,0.0,-0.0,0
4306.11328125,79478,261,98.03921580314636,0.0,-0.0,0
4308.453125,79509,262,98.03921580314636,0.0,-0.0,0
4310.79296875,79542,262,98.43137264251709,0.0,-0.0,0
4313.13671875,79574,263,98.43137264251709,0.0,-0.0,0
4315.4765625,79606,263,99.21568632125854,0.0,-0.0,0
4317.828125,79638,264,99.60784316062927,0.0,-0.0,0
4320.1796875,79670,264,100.0,0.0,-0.0,0
4322.53125,79702,265,100.0,0.0,-0.0,0
4324.87890625,79733,265,100.0,0.0,-0.0,0
4327.234375,79765,266,100.0,0.0,-0.0,0
4329.59375,79797,266,100.0,0.0,-0.0,0
4331.9609375,79829,267,100.0,0.0,-0.0,0
4334.33984375,79861,267,100.0,0.0,-0.0,0
4336.7421875,79893,268,100.0,0.0,0.009412725456058979,0
4339.16015625,79925,268,100.0,0.0,0.02035514824092388,0
4341.5859375,79957,269,100.0,0.0,0.032637856900691986,0
4344.02734375,79990,269,100.0,0.0,0.04497331753373146,0
4346.48046875,80022,270,100.0,0.0,0.021890033036470413,0
4348.9453125,80055,270,100.0,0.0,0.00016355815751012415,0
4351.40625,80088,271,100.0,0.0,-0.0,0
4353.859375,80120,271,100.0,0.0,-0.0,0
4356.3203125,80153,272,100.0,0.0,-0.0,0
4358.79296875,80185,272,100.0,0.0,-0.0,0
4361.265625,80218,273,100.0,0.0,-0.0,0
4363.73828125,80250,273,100.0,0.0,-0.0,0
4366.21484375,80283,273,100.0,0.0,-0.0,0
4368.703125,80315,274,100.0,0.0,-0.0,0
4371.18359375,80348,274,100.0,0.0,0.016934791579842567,0
4373.6640625,80380,275,100.0,0.0,0.0350918173789978,0
4376.14453125,80413,275,100.0,0.0,0.05270705372095108,0
4378.62890625,80445,276,100.0,0.0,0.041958894580602646,0
4381.109375,80478,276,100.0,0.0,0.019322620704770088,0
4383.5859375,80510,276,100.0,0.0,0.0037918188609182835,0
4386.08203125,80542,277,100.0,0.0,-0.0,0
4388.58203125,80575,277,100.0,0.0,-0.0,0
4391.08203125,80607,277,100.0,0.0,-0.0,0
4393.58203125,80639,278,100.0,0.0,-0.0,0
4396.0703125,80672,278,100.0,0.0,-0.0,0
4398.57421875,80704,278,100.0,0.0,-0.0,0
4401.08203125,80736,279,100.0,0.0,-0.0,0
4403.57421875,80768,279,100.0,0.0,-0.0,0
4406.0703125,80800,279,100.0,0.0,-0.0,0
4408.5625,80832,280,100.0,0.0,-0.0,0
4411.0625,80864,280,100.0,0.0,-0.0,0
4413.578125,80896,280,100.0,0.0,-0.0,0
4416.11328125,80929,281,100.0,0.0,-0.0,0
4418.640625,80961,281,100.0,0.0,-0.0,0
4421.1796875,80993,281,100.0,0.0,-0.0,0
4423.7109375,81026,282,98.82352948188782,0.0,-0.009269860573112965,0
4426.234375,81058,282,76.47058963775635,0.0,-0.020680084824562073,0
4428.72265625,81090,279,32.94117748737335,79.2298436164856,-0.03463013842701912,0
4431.16796875,81123,275,0.0,100.0,-0.010385079309344292,0
4433.5625,81155,271,0.0,100.0,-0.0,0
4435.921875,81187,267,0.0,100.0,-0.0,0
4438.24609375,81219,262,0.0,100.0,-0.0,0
4440.546875,81251,258,0.0,100.0,0.027445198968052864,0
4442.83203125,81284,254,0.0,100.0,0.04694851115345955,0
4445.08984375,81316,249,0.0,100.0,0.06645332276821136,0
4447.3046875,81349,245,0.0,100.0,0.08577938377857208,0
4449.484375,81382,241,0.0,100.0,0.10480395704507828,0
4451.6484375,81415,238,0.0,100.0,0.1235271766781807,0
4453.7734375,81448,235,0.0,100.0,0.1420527547597885,0
4455.86328125,81480,233,0.0,100.0,0.16036038100719452,0
4457.91015625,81513,230,0.0,100.0,0.17839065194129944,0
4459.9296875,81545,227,0.0,100.0,0.19599014520645142,0
4461.93359375,81577,224,0.0,100.0,0.15905001759529114,0
4463.9140625,81610,222,0.0,100.0,0.12434229999780655,0
4465.875,81642,219,0.0,100.0,0.091478131711483,0
4467.88671875,81674,217,0.0,100.0,0.06010349094867706,0
4469.890625,81708,214,0.0,100.0,0.02900141105055809,0
4471.8984375,81742,211,0.0,100.0,0.00958918035030365,0
4473.859375,81776,208,0.0,100.0,0.029151182621717453,0
4475.81640625,81810,204,0.0,100.0,0.05472886189818382,0
4477.72265625,81844,200,0.0,100.0,0.0802740603685379,0
4479.60546875,81878,197,0.0,100.0,0.10511226207017899,0
4481.4140625,81912,195,0.0,100.0,0.12924067676067352,0
4483.18359375,81944,192,0.0,100.0,0.152059406042099,0
4484.8984375,81977,190,0.0,100.0,0.17401903867721558,0
4486.6015625,82008,187,0.0,100.0,0.19521671533584595,0
4488.26171875,82041,184,0.0,100.0,0.21639281511306763,0
4489.91015625,82073,182,0.0,100.0,0.23709514737129211,0
4491.54296875,82105,179,0.0,100.0,0.25782254338264465,0
4493.15234375,82137,177,0.0,100.0,0.2786591053009033,0
4494.734375,82170,174,0.0,100.0,0.2991257607936859,0
4496.29296875,82202,172,0.0,100.0,0.3191664218902588,0
4497.83203125,82234,170,0.0,100.0,0.3388005793094635,0
4499.34765625,82266,167,0.0,100.0,0.35806140303611755,0
4500.85546875,82298,165,0.0,100.0,0.37694427371025085,0
4502.3359375,82330,163,0.0,100.0,0.3955526053905487,0
4503.8203125,82362,161,0.0,100.0,0.41372960805892944,0
4505.265625,82394,158,0.0,100.0,0.4317501485347748,0
4506.6875,82426,156,0.0,64.85925912857056,0.44935017824172974,0
4508.09765625,82458,154,0.0,0.0,0.4665745198726654,0
4509.4765625,82490,153,0.0,0.0,0.48353078961372375,0
4510.84375,82521,152,0.0,0.0,0.49985629320144653,0
4512.2109375,82553,151,0.0,0.0,0.5157570838928223,0
4513.5390625,82585,150,0.0,0.0,0.4198988676071167,0
4514.87890625,82617,149,0.0,0.0,0.36745375394821167,0
4516.21484375,82648,148,0.0,0.0,0.31873729825019836,0
4517.5390625,82680,147,0.0,0.0,0.3359927535057068,0
4518.8671875,82712,146,0.0,0.0,0.35659345984458923,0
4520.19140625,82744,146,0.0,0.0,0.37658458948135376,0
4521.5,82776,145,0.0,0.0,0.39578840136528015,0
4522.828125,82808,144,0.0,0.0,0.4143122732639313,0
4524.140625,82840,143,0.0,0.0,0.4326789975166321,0
4525.4453125,82872,142,0.0,0.0,0.4505748152732849,0
4526.734375,82903,141,0.0,0.0,0.4678923487663269,0
4528.01171875,82935,140,10.98039224743843,0.0,0.4847152829170227,0
4529.28125,82967,140,21.96078449487686,0.0,0.43639111518859863,0
4530.5390625,82999,139,29.019609093666077,0.0,0.37914013862609863,0
4531.7890625,83030,139,33.33333432674408,0.0,0.3212311863899231,0
4533.03515625,83062,138,38.03921639919281,0.0,0.26746755838394165,0
4534.3359375,83093,138,47.05882370471954,0.0,0.21733340620994568,0
4535.65625,83126,139,49.41176474094391,0.0,0.16864672303199768,0
4536.97265625,83159,139,56.078433990478516,0.0,0.12274481356143951,0
4538.3203125,83192,140,59.215688705444336,0.0,0.08153535425662994,0
4539.66796875,83226,140,60.784316062927246,0.0,0.09833244234323502,0
4541.03125,83259,141,62.352943420410156,0.0,0.12609051167964935,0
4542.4140625,83293,142,62.745100259780884,0.0,0.15265758335590363,0
4543.7578125,83326,142,63.13725709915161,0.0,0.1779417097568512,0
4545.09375,83359,143,63.13725709915161,0.0,0.20092296600341797,0
4546.46875,83391,143,63.13725709915161,0.0,0.2223983108997345,0
4547.828125,83423,144,63.13725709915161,0.0,0.23479700088500977,0
4549.20703125,83455,144,62.745100259780884,0.0,0.18544231355190277,0
4550.58203125,83488,145,61.5686297416687,0.0,0.14024566113948822,0
4551.953125,83520,146,61.5686297416687,0.0,0.09953328967094421,0
4553.33203125,83553,146,61.96078658103943,0.0,0.0623452253639698,0
4554.7109375,83585,147,61.96078658103943,0.0,0.0278900396078825,0
4556.08984375,83617,148,61.5686297416687,0.0,0.009343850426375866,0
4557.46484375,83649,148,62.352943420410156,0.0,0.027029363438487053,0
4558.84375,83681,149,62.352943420410156,0.0,0.04719517379999161,0
4560.23046875,83713,150,62.745100259780884,0.0,0.07223697006702423,0
4561.625,83745,150,62.745100259780884,0.0,0.09622851014137268,0
4563.03125,83777,151,62.745100259780884,0.0,0.11913000047206879,0
4564.453125,83809,151,62.745100259780884,0.0,0.14095452427864075,0
4565.88671875,83841,152,63.13725709915161,0.0,0.16180825233459473,0
4567.3359375,83874,153,63.13725709915161,0.0,0.18174956738948822,0
4568.7890625,83906,153,63.52941393852234,0.0,0.20073993504047394,0
4570.265625,83939,154,63.52941393852234,0.0,0.2188941240310669,0
4571.7421875,83971,154,63.52941393852234,0.0,0.23670096695423126,0
4573.20703125,84004,154,63.921570777893066,0.0,0.25425460934638977,0
4574.66015625,84036,155,64.3137276172638,0.0,0.27154815196990967,0
4576.1015625,84069,155,64.70588445663452,0.0,0.22082877159118652,0
4577.55078125,84101,156,64.70588445663452,0.0,0.18130342662334442,0
4579.0,84133,156,65.09804129600525,0.0,0.14455485343933105,0
4580.4609375,84165,157,65.49019813537598,0.0,0.11013229191303253,0
4581.92578125,84198,157,65.49019813537598,0.0,0.07813895493745804,0
4583.390625,84230,158,66.27451181411743,0.0,0.048765119165182114,0
4584.86328125,84263,158,66.27451181411743,0.0,0.06234344094991684,0
4586.34375,84296,159,66.27451181411743,0.0,0.07593923807144165,0
4587.828125,84328,160,66.27451181411743,0.0,0.07681375741958618,0
4589.31640625,84361,160,66.27451181411743,0.0,0.04418113827705383,0
4590.8046875,84393,161,65.8823549747467,0.0,0.014160269871354103,0
4592.25,84426,162,66.27451181411743,0.0,-0.0,0
4593.703125,84458,162,66.27451181411743,0.0,-0.0,0
4595.1640625,84490,163,66.27451181411743,0.0,0.013538452796638012,0
4596.62890625,84523,164,66.27451181411743,0.0,0.031584493815898895,0
4598.08984375,84556,164,66.27451181411743,0.0,0.054488301277160645,0
4599.5625,84588,165,66.66666865348816,0.0,0.07579323649406433,0
4601.0390625,84620,166,66.66666865348816,0.0,0.09672603011131287,0
4602.5078125,84653,166,66.66666865348816,0.0,0.1163470596075058,0
4603.97265625,84685,167,67.05882549285889,0.0,0.13512475788593292,0
4605.421875,84717,167,66.66666865348816,0.0,0.152640700340271,0
4606.875,84749,168,66.66666865348816,0.0,0.16467967629432678,0
4608.33203125,84780,168,66.66666865348816,0.0,0.1270359754562378,0
4609.78515625,84812,169,66.66666865348816,0.0,0.0929388776421547,0
4611.2421875,84843,169,66.66666865348816,0.0,0.06231488659977913,0
4612.72265625,84874,170,66.66666865348816,0.0,0.03408141806721687,0
4614.2421875,84905,170,66.66666865348816,0.0,0.007666186895221472,0
4615.78515625,84937,171,66.66666865348816,0.0,-0.0,0
4617.33984375,84969,171,66.66666865348816,0.0,-0.0,0
4618.8984375,85000,172,66.66666865348816,0.0,-0.0,0
4620.46875,85032,172,63.52941393852234,0.0,-0.0,0
4622.03515625,85064,173,45.88235318660736,0.0,-0.01938766986131668,0
4623.59375,85096,173,9.803921729326248,0.0,-0.03621046990156174,0
4625.140625,85128,171,0.0,28.232866525650024,-0.05164426192641258,0
4626.65625,85159,169,0.0,59.98443961143494,-0.06655995547771454,0
4628.1484375,85191,166,0.0,92.5445556640625,-0.08084843307733536,0
4629.625,85222,163,0.0,100.0,-0.09530094265937805,0
4631.08984375,85254,160,0.0,100.0,-0.11004620790481567,0
4632.54296875,85286,158,0.0,100.0,-0.12406165897846222,0
4634.0,85318,156,0.0,100.0,-0.1384630799293518,0
4635.4296875,85350,154,0.0,100.0,-0.15221117436885834,0
4636.8515625,85382,151,0.0,84.4005823135376,-0.16622614860534668,0
4638.2578125,85415,149,0.0,51.60627365112305,-0.17973177134990692,0
4639.64453125,85447,148,0.0,0.0,-0.18814918398857117,0
4641.02734375,85480,148,0.0,0.0,-0.1906282603740692,0
4642.40234375,85513,147,0.0,0.0,-0.19517071545124054,0
4643.76953125,85545,146,0.0,0.0,-0.18965274095535278,0
4645.125,85578,146,0.0,0.0,-0.19268502295017242,0
4646.4609375,85610,145,0.0,0.0,-0.19125615060329437,0
4647.77734375,85642,145,0.0,0.0,-0.19082607328891754,0
4649.1015625,85674,144,0.0,0.0,-0.19083857536315918,0
4650.4296875,85706,143,0.0,0.0,-0.1963874250650406,0
4651.7421875,85738,143,0.0,0.0,-0.19224068522453308,0
4653.05859375,85769,142,0.0,0.0,-0.19243772327899933,0
4654.359375,85801,142,0.0,0.0,-0.18732850253582,0
4655.65234375,85833,141,0.0,0.0,-0.20173309743404388,0
4656.94140625,85865,141,0.0,0.0,-0.18748235702514648,0
4658.20703125,85897,140,0.0,0.0,-0.18876785039901733,0
4659.453125,85929,140,0.0,0.0,-0.19361969828605652,0
4660.703125,85960,139,0.0,0.0,-0.2076321691274643,0
4661.94140625,85992,139,0.0,0.0,-0.192562535405159,0
4663.171875,86023,138,0.0,0.0,-0.1933836191892624,0
4664.39453125,86055,137,0.0,0.0,-0.1992001086473465,0
4665.609375,86086,137,0.0,0.0,-0.19500523805618286,0
4666.81640625,86117,136,0.0,0.0,-0.2000759243965149,0
4668.02734375,86148,136,0.0,0.0,-0.1905423402786255,0
4669.2265625,86179,135,0.0,0.0,-0.19610916078090668,0
4670.4296875,86210,135,0.0,0.0,-0.19632045924663544,0
4671.625,86241,134,0.0,0.0,-0.20102782547473907,0
4672.8125,86272,134,0.0,0.0,-0.2103469967842102,0
4673.9921875,86303,133,2.7450980618596077,0.0,-0.19586458802223206,0
4675.1796875,86334,133,13.725490868091583,0.0,-0.20683597028255463,0
4676.3515625,86366,133,20.000000298023224,0.0,-0.19721540808677673,0
4677.52734375,86397,133,23.52941185235977,0.0,-0.2078637182712555,0
4678.69140625,86428,133,26.274511218070984,0.0,-0.1969783753156662,0
4679.859375,86459,133,29.411765933036804,0.0,-0.19116735458374023,0
4681.03125,86490,133,34.50980484485626,0.0,-0.1994679719209671,0
4682.203125,86521,133,38.823530077934265,0.0,-0.19732917845249176,0
4683.37109375,86553,133,40.392157435417175,0.0,-0.21723568439483643,0
4684.546875,86584,133,43.13725531101227,0.0,-0.1778678148984909,0
4685.73046875,86615,133,47.05882370471954,0.0,-0.13790562748908997,0
4686.9296875,86646,134,49.01960790157318,0.0,-0.1018446758389473,0
4688.171875,86678,134,49.803921580314636,0.0,-0.0833534374833107,0
4689.42578125,86710,135,51.372551918029785,0.0,-0.10635922849178314,0
4690.7109375,86743,135,52.941179275512695,0.0,-0.13111764192581177,0
4691.984375,86776,136,54.90196347236633,0.0,-0.15386450290679932,0
4693.25,86809,136,56.078433990478516,0.0,-0.17579048871994019,0
4694.5078125,86842,137,57.2549045085907,0.0,-0.19679778814315796,0
4695.7578125,86874,137,57.647061347961426,0.0,-0.21303510665893555,0
4696.95703125,86906,138,57.647061347961426,0.0,-0.2297603189945221,0
4698.15625,86937,138,58.43137502670288,0.0,-0.24538084864616394,0
4699.3359375,86968,139,59.215688705444336,0.0,-0.26002246141433716,0
4700.51953125,86999,139,59.60784554481506,0.0,-0.2741665244102478,0
4701.703125,87029,139,60.00000238418579,0.0,-0.2874225974082947,0
4702.89453125,87059,140,60.00000238418579,0.0,-0.3011426627635956,0
4704.0859375,87090,140,60.00000238418579,0.0,-0.31467270851135254,0
4705.28515625,87120,140,60.00000238418579,0.0,-0.3235204815864563,0
4706.48828125,87150,141,60.39215922355652,0.0,-0.33701732754707336,0
4707.6953125,87181,141,61.176472902297974,0.0,-0.27793994545936584,0
4708.9140625,87211,141,61.176472902297974,0.0,-0.23996742069721222,0
4710.13671875,87242,142,61.176472902297974,0.0,-0.19903655350208282,0
4711.35546875,87272,142,61.5686297416687,0.0,-0.14285814762115479,0
4712.58203125,87303,143,61.96078658103943,0.0,-0.09132444113492966,0
4713.80859375,87333,143,61.96078658103943,0.0,-0.048206526786088943,0
4715.04296875,87364,144,61.96078658103943,0.0,-0.013102056458592415,0
4716.28125,87395,145,61.96078658103943,0.0,-0.022456420585513115,0
4717.5234375,87425,145,61.96078658103943,0.0,-0.04010256007313728,0
4718.76171875,87456,146,61.96078658103943,0.0,-0.06377384066581726,0
4720.01171875,87487,147,61.96078658103943,0.0,-0.08147721737623215,0
4721.265625,87517,147,62.352943420410156,0.0,-0.09829306602478027,0
4722.51953125,87548,148,62.352943420410156,0.0,-0.1141461506485939,0
4723.78125,87579,149,62.352943420410156,0.0,-0.12959472835063934,0
4725.04296875,87609,149,62.745100259780884,0.0,-0.14428825676441193,0
4726.30859375,87640,150,62.745100259780884,0.0,-0.1609499752521515,0
4727.5859375,87670,150,62.745100259780884,0.0,-0.1313256174325943,0
4728.87109375,87701,151,63.13725709915161,0.0,-0.09716090559959412,0
4730.15625,87731,152,63.52941393852234,0.0,-0.06455018371343613,0
4731.4375,87762,152,64.3137276172638,0.0,-0.03137345612049103,0
4732.7265625,87793,153,64.3137276172638,0.0,-0.002674201736226678,0
4734.01953125,87823,154,64.70588445663452,0.0,-0.016102250665426254,0
4735.31640625,87854,154,64.70588445663452,0.0,-0.033558204770088196,0
4736.6171875,87884,155,65.09804129600525,0.0,-0.05207116901874542,0
4737.92578125,87915,156,66.27451181411743,0.0,-0.07184812426567078,0
4739.234375,87946,156,67.05882549285889,0.0,-0.09189919382333755,0
4740.55078125,87976,157,67.84313917160034,0.0,-0.11082896590232849,0
4741.875,88007,158,68.23529601097107,0.0,-0.12961387634277344,0
4743.2109375,88038,158,68.6274528503418,0.0,-0.14774776995182037,0
4744.5703125,88069,159,68.6274528503418,0.0,-0.16029836237430573,0
4745.9375,88100,159,68.6274528503418,0.0,-0.17344336211681366,0
4747.31640625,88132,160,68.6274528503418,0.0,-0.1840406358242035,0
4748.69921875,88164,161,69.01960968971252,0.0,-0.19375872611999512,0
4750.11328125,88195,161,69.01960968971252,0.0,-0.15639610588550568,0
4751.53515625,88227,162,69.41176652908325,0.0,-0.16894999146461487,0
4752.984375,88258,162,69.80392336845398,0.0,-0.18145012855529785,0
4754.4140625,88290,163,70.1960802078247,0.0,-0.14762338995933533,0
4755.84375,88322,163,69.80392336845398,0.0,-0.09774597734212875,0
4757.27734375,88353,164,70.1960802078247,0.0,-0.05549114570021629,0
4758.71875,88385,165,70.58823704719543,0.0,-0.022420033812522888,0
4760.1640625,88416,165,70.58823704719543,0.0,-0.0024370939936488867,0
4761.62109375,88447,166,70.58823704719543,0.0,-0.0,0
4763.0546875,88479,167,70.58823704719543,0.0,-0.0,0
4764.49609375,88509,168,70.98039388656616,0.0,-0.0,0
4765.94921875,88540,168,70.98039388656616,0.0,-0.0,0
4767.40625,88571,169,70.98039388656616,0.0,-0.0,0
4768.8671875,88602,170,71.37255072593689,0.0,-0.0,0
4770.33203125,88633,170,71.37255072593689,0.0,-0.0,0
4771.8046875,88664,171,71.76470756530762,0.0,-0.010905569419264793,0
4773.28515625,88694,172,71.76470756530762,0.0,-0.023947201669216156,0
4774.7734375,88725,172,72.15686440467834,0.0,-0.039344027638435364,0
4776.2734375,88756,173,72.54902124404907,0.0,-0.053802791982889175,0
4777.78125,88787,174,73.33333492279053,0.0,-0.0676373541355133,0
4779.32421875,88818,174,74.90196228027344,0.0,-0.08133362233638763,0
4780.87109375,88850,175,75.68627595901489,0.0,-0.09400700777769089,0
4782.42578125,88882,176,76.47058963775635,0.0,-0.1022391989827156,0
4783.984375,88913,177,76.86274647712708,0.0,-0.07336673140525818,0
4785.5546875,88945,177,78.03921699523926,0.0,-0.041182130575180054,0
4787.125,88977,178,78.82353067398071,0.0,-0.013441168703138828,0
4788.69140625,89008,179,80.0000011920929,0.0,-0.0,0
4790.234375,89040,180,80.39215803146362,0.0,-0.0,0
4791.78515625,89071,180,81.17647171020508,0.0,-0.0,0
4793.33984375,89102,181,81.5686285495758,0.0,-0.0,0
4794.8984375,89132,182,81.96078538894653,0.0,-0.010828949511051178,0
4796.4609375,89163,183,83.13725590705872,0.0,-0.022442791610956192,0
4798.046875,89194,184,83.92156958580017,0.0,-0.03673180192708969,0
4799.6875,89225,184,84.70588326454163,0.0,-0.05105354264378548,0
4801.34765625,89257,185,84.70588326454163,0.0,-0.06285417824983597,0
4803.04296875,89289,186,85.09804010391235,0.0,-0.034462012350559235,0
4804.74609375,89322,187,85.49019694328308,0.0,-0.008233110420405865,0
4806.45703125,89355,188,85.49019694328308,0.0,-0.0,0
4808.1796875,89388,189,85.49019694328308,0.0,-0.0,0
4809.88671875,89420,190,85.88235378265381,0.0,-0.0,0
4811.546875,89453,190,85.88235378265381,0.0,-0.0,0
4813.20703125,89484,191,85.88235378265381,0.0,-0.0,0
4814.8515625,89516,192,86.27451062202454,0.0,-0.0,0
4816.5,89547,193,86.66666746139526,0.0,-0.0,0
4818.15234375,89577,193,86.66666746139526,0.0,-0.0,0
4819.81640625,89608,194,86.66666746139526,0.0,0.004774537868797779,0
4821.4921875,89639,195,87.05882430076599,0.0,0.01591264270246029,0
4823.171875,89670,196,87.45098114013672,0.0,0.030200347304344177,0
4824.86328125,89701,197,87.84313797950745,0.0,0.04499948397278786,0
4826.5625,89732,197,87.84313797950745,0.0,0.0628817230463028,0
4828.3359375,89763,198,87.84313797950745,0.0,0.08010609447956085,0
4830.1171875,89795,199,88.23529481887817,0.0,0.09048792719841003,0
4831.9140625,89827,200,88.23529481887817,0.0,0.061690691858530045,0
4833.75,89860,201,88.23529481887817,0.0,0.03541386500000954,0
4835.578125,89893,201,88.6274516582489,0.0,0.010783230885863304,0
4837.44140625,89925,202,89.01960849761963,0.0,-0.0,0
4839.3125,89958,203,89.41176533699036,0.0,-0.0,0
4841.1328125,89991,204,89.41176533699036,0.0,-0.0,0
4842.95703125,90023,205,89.41176533699036,0.0,0.011722206138074398,0
4844.7890625,90055,206,89.80392217636108,0.0,0.02421005815267563,0
4846.58984375,90087,206,89.80392217636108,0.0,0.038241803646087646,0
4848.42578125,90118,207,89.80392217636108,0.0,0.03979171812534332,0
4850.234375,90150,208,89.80392217636108,0.0,0.015949983149766922,0
4852.0546875,90182,209,89.80392217636108,0.0,-0.0,0
4853.875,90213,209,90.19607901573181,0.0,-0.0,0
4855.703125,90244,210,90.19607901573181,0.0,-0.0,0
4857.53515625,90275,211,90.19607901573181,0.0,-0.0,0
4859.37109375,90306,212,90.19607901573181,0.0,-0.0,0
4861.22265625,90337,212,90.19607901573181,0.0,-0.0,0
4863.109375,90369,213,90.58823585510254,0.0,-0.0,0
4865.00390625,90400,214,90.98039269447327,0.0,-0.0,0
4866.90625,90432,215,91.372549533844,0.0,-0.0,0
4868.81640625,90464,215,91.76470637321472,0.0,-0.0,0
4870.734375,90496,216,92.15686321258545,0.0,-0.0,0
4872.66015625,90528,217,92.54902005195618,0.0,-0.0,0
4874.5859375,90559,218,92.54902005195618,0.0,-0.0,0
4876.484375,90591,218,92.9411768913269,0.0,-0.0,0
4878.39453125,90622,219,93.33333373069763,0.0,-0.0,0
4880.3359375,90654,220,93.33333373069763,0.0,-0.0,0
4882.2890625,90685,221,93.33333373069763,0.0,-0.0,0
4884.25,90717,221,93.33333373069763,0.0,-0.0,0
4886.21875,90749,222,92.9411768913269,0.0,-0.0,0
4888.21875,90781,223,91.372549533844,0.0,-0.0,0
4890.26171875,90813,223,88.23529481887817,0.0,-0.0,0
4892.296875,90846,224,83.13725590705872,0.0,0.018768373876810074,0
4894.34375,90878,224,69.80392336845398,0.0,0.03663531690835953,0
4896.3671875,90911,224,26.274511218070984,20.159347355365753,0.05488382652401924,0
4898.3984375,90944,221,0.0,53.64506244659424,0.07256032526493073,0
4900.38671875,90977,218,0.0,100.0,0.09013478457927704,0
4902.34375,91010,215,0.0,100.0,0.10741185396909714,0
4904.265625,91043,211,0.0,100.0,0.12445501238107681,0
4906.1953125,91076,208,0.0,100.0,0.14121297001838684,0
4908.0703125,91109,206,0.0,100.0,0.1582496166229248,0
4909.9453125,91142,203,0.0,100.0,0.175138920545578,0
4911.78125,91176,201,0.0,100.0,0.19240491092205048,0
4913.61328125,91209,198,0.0,100.0,0.20965421199798584,0
4915.41796875,91242,196,0.0,100.0,0.22708649933338165,0
4917.1640625,91276,193,0.0,100.0,0.24077656865119934,0
4918.890625,91309,191,0.0,100.0,0.20054008066654205,0
4920.58984375,91342,189,0.0,100.0,0.161485955119133,0
4922.26171875,91376,186,0.0,100.0,0.1245545968413353,0
4923.90234375,91409,184,0.0,100.0,0.09283828735351562,0
4925.51953125,91441,182,0.0,100.0,0.11383628100156784,0
4927.1171875,91474,180,0.0,100.0,0.13571184873580933,0
4928.6875,91507,177,0.0,100.0,0.15731112658977509,0
4930.22265625,91539,175,0.0,100.0,0.178497776389122,0
4931.734375,91572,173,0.0,100.0,0.19917409121990204,0
4933.2421875,91604,170,0.0,100.0,0.21954190731048584,0
4934.7734375,91636,168,0.0,100.0,0.2397194653749466,0
4936.28125,91668,166,0.0,100.0,0.2597154974937439,0
4937.80078125,91701,163,0.0,100.0,0.2793988287448883,0
4939.31640625,91734,161,0.0,100.0,0.29923656582832336,0
4940.80078125,91767,159,0.0,100.0,0.3189890384674072,0
4942.2734375,91800,157,0.0,100.0,0.3382481336593628,0
4943.734375,91833,154,0.0,100.0,0.35726508498191833,0
4945.18359375,91867,152,0.0,100.0,0.3760583698749542,0
4946.6171875,91900,150,0.0,100.0,0.39454519748687744,0
4948.01171875,91933,148,0.0,94.23147439956665,0.4127025008201599,0
4949.39453125,91965,146,0.0,31.259283423423767,0.4301661252975464,0
4950.8046875,91997,145,0.0,0.0,0.4471433758735657,0
4952.2109375,92030,144,0.0,0.0,0.4640413820743561,0
4953.59765625,92062,143,0.0,0.0,0.40734562277793884,0
4954.96875,92094,142,0.0,0.0,0.3473036289215088,0
4956.328125,92127,141,0.0,0.0,0.2910779118537903,0
4957.6796875,92159,140,0.0,0.0,0.23841290175914764,0
4959.03125,92192,139,0.0,0.0,0.19292481243610382,0
4960.37109375,92224,139,0.0,0.0,0.21675121784210205,0
4961.70703125,92257,138,0.0,0.0,0.24105258285999298,0
4963.0390625,92289,138,0.0,0.0,0.2646316587924957,0
4964.375,92322,137,0.0,0.0,0.2873505651950836,0
4965.71875,92355,136,0.0,0.0,0.3091680109500885,0
4967.0546875,92387,136,0.0,0.0,0.3300735354423523,0
4968.390625,92420,135,0.0,0.0,0.34994131326675415,0
4969.73046875,92452,134,1.17647061124444,0.0,0.3695289194583893,0
4971.078125,92485,134,10.98039224743843,0.0,0.3889705538749695,0
4972.40625,92518,133,17.25490242242813,0.0,0.4081377685070038,0
4973.72265625,92550,133,23.137255012989044,0.0,0.33250585198402405,0
4975.03125,92582,132,27.450981736183167,0.0,0.31628426909446716,0
4976.33203125,92615,132,30.588236451148987,0.0,0.29306066036224365,0
4977.63671875,92648,132,30.980393290519714,0.0,0.31148046255111694,0
4978.9375,92680,132,30.980393290519714,0.0,0.2522391080856323,0
4980.23046875,92713,132,30.980393290519714,0.0,0.2053210288286209,0
4981.52734375,92746,131,30.588236451148987,0.0,0.15764938294887543,0
4982.8203125,92778,132,30.980393290519714,0.0,0.11328412592411041,0
4984.12109375,92811,132,30.19607961177826,0.0,0.07217289507389069,0
4985.4296875,92844,132,27.843138575553894,0.0,0.03386230021715164,0
4986.73828125,92876,132,23.137255012989044,0.0,-0.0,0
4988.046875,92909,132,20.000000298023224,0.0,-0.0,0
4989.35546875,92941,132,21.96078449487686,0.0,-0.0,0
4990.65234375,92974,132,22.745098173618317,0.0,0.016840767115354538,0
4991.9375,93007,132,24.705882370471954,0.0,0.046361856162548065,0
4993.20703125,93040,132,26.274511218070984,0.0,0.0748998299241066,0
4994.46484375,93073,132,26.66666805744171,0.0,0.10229001194238663,0
4995.71484375,93106,132,26.66666805744171,0.0,0.12772424519062042,0
4996.9609375,93139,132,26.274511218070984,0.0,0.15222762525081635,0
4998.19140625,93173,132,24.313725531101227,0.0,0.176689013838768,0
4999.41015625,93206,132,20.000000298023224,0.0,0.20004309713840485,0
5000.62890625,93239,132,10.588235408067703,0.0,0.22239431738853455,0
5001.8359375,93273,131,0.0,0.0,0.2440343201160431,0
5003.0234375,93306,131,0.0,0.0,0.26484373211860657,0
5004.1953125,93339,130,0.0,0.0,0.28494569659233093,0
5005.3515625,93372,130,0.0,0.0,0.3045799732208252,0
5006.50390625,93405,129,0.0,0.0,0.32385194301605225,0
5007.62890625,93438,129,3.5294119268655777,0.0,0.34286263585090637,0
5008.7421875,93470,128,5.882352963089943,0.0,0.3618277311325073,0
5009.859375,93502,127,8.627451211214066,0.0,0.38049349188804626,0
5011.0,93535,127,17.25490242242813,0.0,0.39888104796409607,0
5012.1640625,93568,127,24.313725531101227,0.0,0.3339536488056183,0
5013.359375,93602,126,29.019609093666077,0.0,0.2758445739746094,0
5014.5625,93636,126,37.64705955982208,0.0,0.22059914469718933,0
5015.76171875,93671,126,44.31372582912445,0.0,0.16933825612068176,0
5016.9609375,93705,127,51.76470875740051,0.0,0.12228379398584366,0
5018.15234375,93740,127,57.647061347961426,0.0,0.07918833941221237,0
5019.3359375,93773,128,60.00000238418579,0.0,0.03997034952044487,0
5020.5,93807,129,60.784316062927246,0.0,0.056075774133205414,0
5021.64453125,93839,129,61.5686297416687,0.0,0.07480133324861526,0
5022.796875,93871,130,61.5686297416687,0.0,0.09364920109510422,0
5023.9609375,93903,131,61.96078658103943,0.0,0.1086963564157486,0
5025.1328125,93935,132,62.745100259780884,0.0,0.07028083503246307,0
5026.3125,93967,132,62.745100259780884,0.0,0.03510921075940132,0
5027.50390625,93999,133,62.745100259780884,0.0,0.0028129764832556248,0
5028.69921875,94031,134,63.13725709915161,0.0,-0.0,0
5029.89453125,94063,135,63.13725709915161,0.0,-0.0,0
5031.09765625,94095,135,63.13725709915161,0.0,0.005399102810770273,0
5032.30078125,94127,136,63.13725709915161,0.0,0.02263401448726654,0
5033.515625,94158,137,63.52941393852234,0.0,0.0409395694732666,0
5034.734375,94190,138,63.13725709915161,0.0,0.062060561031103134,0
5035.953125,94222,139,63.13725709915161,0.0,0.07896340638399124,0
5037.1875,94253,139,63.13725709915161,0.0,0.045853521674871445,0
5038.421875,94285,140,63.52941393852234,0.0,0.015291278250515461,0
5039.66015625,94316,141,63.52941393852234,0.0,-0.0,0
5040.91015625,94348,142,63.52941393852234,0.0,-0.0,0
5042.16796875,94380,142,63.52941393852234,0.0,-0.0,0
5043.43359375,94411,143,63.921570777893066,0.0,-0.0,0
5044.7109375,94443,144,64.3137276172638,0.0,-0.0,0
5045.99609375,94475,145,64.70588445663452,0.0,-0.0,0
5047.28515625,94506,146,64.70588445663452,0.0,-0.0,0
5048.58203125,94538,146,65.09804129600525,0.0,-0.0,0
5049.8828125,94570,147,65.49019813537598,0.0,-0.0,0
5051.19140625,94601,148,65.8823549747467,0.0,-0.0,0
5052.51171875,94633,149,66.66666865348816,0.0,-0.0,0
5053.83984375,94665,150,67.05882549285889,0.0,-0.0,0
5055.171875,94697,150,67.45098233222961,0.0,-0.0,0
5056.515625,94728,151,67.84313917160034,0.0,-0.0,0
5057.8671875,94760,152,68.23529601097107,0.0,-0.0,0
5059.22265625,94792,153,68.6274528503418,0.0,-0.0,0
5060.5859375,94824,154,69.01960968971252,0.0,0.002237684791907668,0
5061.9609375,94855,155,69.41176652908325,0.0,0.01520978007465601,0
5063.34375,94887,155,69.80392336845398,0.0,0.03332217037677765,0
5064.71484375,94919,156,70.1960802078247,0.0,0.054380498826503754,0
5066.1015625,94947,157,70.1960802078247,0.0,0.07441466301679611,0
5067.4921875,94978,158,70.1960802078247,0.0,0.09371377527713776,0
5068.88671875,95010,159,70.1960802078247,0.0,0.10298650711774826,0
5070.28125,95041,159,70.58823704719543,0.0,0.07159855961799622,0
5071.67578125,95073,160,70.58823704719543,0.0,0.04296647384762764,0
5073.07421875,95104,161,70.58823704719543,0.0,0.016764434054493904,0
5074.4921875,95135,162,70.58823704719543,0.0,-0.0,0
5075.9140625,95166,163,70.58823704719543,0.0,-0.0,0
5077.34765625,95198,163,70.58823704719543,0.0,-0.0,0
5078.7890625,95229,164,69.80392336845398,0.0,-0.0,0
5080.23828125,95261,165,68.6274528503418,0.0,-0.0,0
5081.703125,95292,166,68.6274528503418,0.0,-0.0,0
5083.17578125,95324,166,68.6274528503418,0.0,-0.0,0
5084.66015625,95356,167,68.6274528503418,0.0,-0.0,0
5086.15234375,95387,168,68.6274528503418,0.0,-0.0,0
5087.66796875,95419,168,69.41176652908325,0.0,-0.0,0
5089.2109375,95452,169,69.80392336845398,0.0,-0.0,0
5090.78125,95484,170,70.1960802078247,0.0,-0.0,0
5092.3515625,95517,170,70.98039388656616,0.0,-0.0,0
5093.9375,95550,171,71.37255072593689,0.0,-0.0,0
5095.53125,95584,172,71.76470756530762,0.0,-0.0,0
5097.1328125,95617,173,72.15686440467834,0.0,-0.0,0
5098.73046875,95650,173,71.76470756530762,0.0,0.0005972404032945633,0
5100.32421875,95683,174,72.15686440467834,0.0,0.018962934613227844,0
5101.90625,95716,175,72.15686440467834,0.0,0.0313229002058506,0
5103.49609375,95748,175,72.54902124404907,0.0,0.05145179107785225,0
5105.0859375,95781,176,72.9411780834198,0.0,0.0708589255809784,0
5106.6796875,95813,177,73.33333492279053,0.0,0.0894482284784317,0
5108.2734375,95846,177,73.33333492279053,0.0,0.10727380961179733,0
5109.86328125,95878,178,73.72549176216125,0.0,0.10930574685335159,0
5111.453125,95910,179,74.90196228027344,0.0,0.08223215490579605,0
5113.05078125,95942,179,76.07843279838562,0.0,0.07737062126398087,0
5114.64453125,95974,180,77.2549033164978,0.0,0.09165793657302856,0
5116.24609375,96006,181,77.64706015586853,0.0,0.10958825796842575,0
5117.859375,96038,181,77.64706015586853,0.0,0.12686967849731445,0
5119.46875,96070,182,77.64706015586853,0.0,0.1404164433479309,0
5121.0859375,96102,182,77.64706015586853,0.0,0.10626096278429031,0
5122.703125,96134,183,78.03921699523926,0.0,0.07517494261264801,0
5124.32421875,96167,184,78.03921699523926,0.0,0.046808063983917236,0
5125.96484375,96199,184,78.03921699523926,0.0,0.02056615613400936,0
5127.609375,96231,185,78.43137383460999,0.0,0.002454120200127363,0
5129.2421875,96263,186,78.43137383460999,0.0,0.01494240015745163,0
5130.88671875,96295,187,78.82353067398071,0.0,0.02944798395037651,0
5132.546875,96327,187,78.82353067398071,0.0,0.04981265217065811,0
5134.21484375,96359,188,78.82353067398071,0.0,0.06955258548259735,0
5135.89453125,96390,189,78.82353067398071,0.0,0.08851061761379242,0
5137.58984375,96422,189,78.82353067398071,0.0,0.10671136528253555,0
5139.29296875,96455,190,78.82353067398071,0.0,0.12419472634792328,0
5141.03125,96487,190,79.21568751335144,0.0,0.14096638560295105,0
5142.76953125,96519,191,79.21568751335144,0.0,0.15718910098075867,0
5144.5,96551,191,79.21568751335144,0.0,0.17317473888397217,0
5146.23828125,96583,192,79.21568751335144,0.0,0.1888829916715622,0
5147.9765625,96616,192,79.21568751335144,0.0,0.20445159077644348,0
5149.72265625,96648,192,79.21568751335144,0.0,0.21981792151927948,0
5151.53125,96680,193,79.21568751335144,0.0,0.19346550107002258,0
5153.3515625,96713,193,79.21568751335144,0.0,0.15580353140830994,0
5155.21484375,96747,194,79.21568751335144,0.0,0.11999335885047913,0
5157.07421875,96781,194,79.21568751335144,0.0,0.08610417693853378,0
5158.96484375,96814,195,79.21568751335144,0.0,0.055395353585481644,0
5160.8515625,96848,195,79.60784435272217,0.0,0.06806950271129608,0
5162.74609375,96882,196,79.60784435272217,0.0,0.08555053174495697,0
5164.578125,96916,197,79.60784435272217,0.0,0.10633017122745514,0
5166.41015625,96948,197,79.60784435272217,0.0,0.12501531839370728,0
5168.21484375,96981,198,80.0000011920929,0.0,0.14323323965072632,0
5170.046875,97013,198,80.0000011920929,0.0,0.15975013375282288,0
5171.87890625,97045,199,80.0000011920929,0.0,0.17648404836654663,0
5173.734375,97077,199,80.0000011920929,0.0,0.19291193783283234,0
5175.59375,97110,199,80.0000011920929,0.0,0.20931574702262878,0
5177.4609375,97143,200,80.0000011920929,0.0,0.22550365328788757,0
5179.3359375,97175,200,80.0000011920929,0.0,0.2414465695619583,0
5181.21484375,97208,200,80.39215803146362,0.0,0.2571183443069458,0
5183.1015625,97241,200,80.39215803146362,0.0,0.27258622646331787,0
5184.97265625,97273,200,80.39215803146362,0.0,0.28783583641052246,0
5186.84765625,97306,201,80.39215803146362,0.0,0.3027682900428772,0
5188.7421875,97338,201,80.39215803146362,0.0,0.3174947500228882,0
5190.640625,97371,201,80.39215803146362,0.0,0.33208179473876953,0
5192.55078125,97404,201,80.39215803146362,0.0,0.346449077129364,0
5194.4765625,97438,201,80.39215803146362,0.0,0.35923370718955994,0
5196.41796875,97471,201,80.39215803146362,0.0,0.31508105993270874,0
5198.359375,97505,201,80.78431487083435,0.0,0.26823654770851135,0
5200.3125,97539,201,80.78431487083435,0.0,0.22417323291301727,0
5202.28515625,97573,201,81.17647171020508,0.0,0.18244323134422302,0
5204.265625,97607,202,81.17647171020508,0.0,0.14681164920330048,0
5206.2421875,97641,202,81.5686285495758,0.0,0.1610974222421646,0
5208.21484375,97675,202,81.5686285495758,0.0,0.18036115169525146,0
5210.1796875,97709,203,81.5686285495758,0.0,0.19844700396060944,0
5212.15234375,97742,203,81.96078538894653,0.0,0.21646516025066376,0
5214.1171875,97776,203,81.5686285495758,0.0,0.22535710036754608,0
5216.06640625,97810,203,81.96078538894653,0.0,0.18858881294727325,0
5218.02734375,97843,204,81.96078538894653,0.0,0.14830382168293,0
5220.00390625,97876,204,81.96078538894653,0.0,0.1107410192489624,0
5221.98828125,97910,205,81.96078538894653,0.0,0.07618072628974915,0
5223.97265625,97944,205,81.96078538894653,0.0,0.044472116976976395,0
5225.95703125,97977,206,81.96078538894653,0.0,0.05751699581742287,0
5227.9375,98011,206,82.74509906768799,0.0,0.07387102395296097,0
5229.90234375,98044,207,83.52941274642944,0.0,0.09600142389535904,0
5231.87890625,98077,207,84.3137264251709,0.0,0.11700865626335144,0
5233.8359375,98110,208,84.70588326454163,0.0,0.1370076835155487,0
5235.79296875,98143,208,85.09804010391235,0.0,0.10714291781187057,0
5237.7578125,98176,209,85.09804010391235,0.0,0.0730275884270668,0
5239.72265625,98210,209,85.09804010391235,0.0,0.04206634685397148,0
5241.6875,98243,210,85.09804010391235,0.0,0.013607645407319069,0
5243.65625,98276,211,85.09804010391235,0.0,-0.0,0
5245.60546875,98309,211,85.09804010391235,0.0,0.013282181695103645,0
5247.5703125,98341,212,85.09804010391235,0.0,0.028320228680968285,0
5249.515625,98374,213,85.09804010391235,0.0,0.04558705538511276,0
5251.4375,98406,213,85.09804010391235,0.0,0.06111381575465202,0
5253.37109375,98439,214,85.09804010391235,0.0,0.0682002529501915,0
5255.30859375,98471,214,85.09804010391235,0.0,0.03869156166911125,0
5257.24609375,98504,215,85.09804010391235,0.0,0.011502912268042564,0
5259.1875,98537,215,85.09804010391235,0.0,-0.0,0
5261.12890625,98569,216,85.09804010391235,0.0,0.0124678248539567,0
5263.07421875,98602,217,85.09804010391235,0.0,0.028925321996212006,0
5265.015625,98634,217,85.09804010391235,0.0,0.05032280087471008,0
5266.95703125,98667,218,85.09804010391235,0.0,0.07085274904966354,0
5268.90234375,98699,218,85.09804010391235,0.0,0.09042064845561981,0
5270.8515625,98731,219,85.09804010391235,0.0,0.10276603698730469,0
5272.8125,98764,219,85.09804010391235,0.0,0.07118657976388931,0
5274.78125,98796,220,85.09804010391235,0.0,0.04261784255504608,0
5276.76171875,98828,220,85.49019694328308,0.0,0.016285458579659462,0
5278.75,98861,221,85.49019694328308,0.0,-0.0,0
5280.74609375,98893,221,85.49019694328308,0.0,0.011787393130362034,0
5282.73828125,98926,222,85.49019694328308,0.0,0.026204967871308327,0
5284.734375,98958,222,85.49019694328308,0.0,0.04703924059867859,0
5286.734375,98991,223,85.49019694328308,0.0,0.06714881956577301,0
5288.73828125,99023,223,85.88235378265381,0.0,0.08640022575855255,0
5290.74609375,99055,223,85.88235378265381,0.0,0.10472377389669418,0
5292.76171875,99088,224,85.88235378265381,0.0,0.12214671820402145,0
5294.7890625,99120,224,85.88235378265381,0.0,0.13437633216381073,0
5296.81640625,99153,225,85.88235378265381,0.0,0.10061661154031754,0
5298.84375,99185,225,85.88235378265381,0.0,0.07012621313333511,0
5300.87890625,99217,225,85.88235378265381,0.0,0.042433612048625946,0
5302.91796875,99250,225,85.88235378265381,0.0,0.0452888086438179,0
5304.9453125,99283,226,86.27451062202454,0.0,0.05973097309470177,0
5306.9765625,99315,226,86.27451062202454,0.0,0.0785420835018158,0
5308.99609375,99347,227,86.66666746139526,0.0,0.09748891741037369,0
5311.0234375,99379,227,86.66666746139526,0.0,0.11526450514793396,0
5313.046875,99411,227,86.66666746139526,0.0,0.12882296741008759,0
5315.07421875,99443,228,86.66666746139526,0.0,0.09590047597885132,0
5317.09765625,99476,228,86.66666746139526,0.0,0.0659736916422844,0
5319.1484375,99508,229,86.66666746139526,0.0,0.03872760757803917,0
5321.203125,99540,229,86.66666746139526,0.0,0.013096775859594345,0
5323.2578125,99573,230,86.66666746139526,0.0,-0.0,0
5325.31640625,99605,230,86.66666746139526,0.0,-0.0,0
5327.375,99638,231,86.66666746139526,0.0,-0.0,0
5329.43359375,99670,231,87.05882430076599,0.0,-0.0,0
5331.4921875,99702,232,87.45098114013672,0.0,0.011131900362670422,0
5333.5390625,99735,232,87.45098114013672,0.0,0.02330205962061882,0
5335.58984375,99767,233,87.45098114013672,0.0,0.03673173859715462,0
5337.64453125,99798,233,87.45098114013672,0.0,0.05338510498404503,0
5339.703125,99830,234,87.45098114013672,0.0,0.0662478506565094,0
5341.765625,99862,234,87.45098114013672,0.0,0.03957933560013771,0
5343.84375,99894,235,87.84313797950745,0.0,0.014949803240597248,0
5345.9296875,99926,235,87.84313797950745,0.0,-0.0,0
5348.02734375,99958,236,87.84313797950745,0.0,-0.0,0
5350.1328125,99990,236,88.23529481887817,0.0,0.01057862676680088,0
5352.25,100022,237,88.23529481887817,0.0,0.02376406639814377,0
5354.3671875,100054,237,88.23529481887817,0.0,0.03819701820611954,0
5356.4921875,100086,237,88.23529481887817,0.0,0.05408124625682831,0
5358.62109375,100119,238,88.6274516582489,0.0,0.06771217286586761,0
5360.73828125,100151,238,88.6274516582489,0.0,0.04122915863990784,0
5362.859375,100183,239,88.6274516582489,0.0,0.016851084306836128,0
5364.984375,100215,239,89.01960849761963,0.0,0.00018137312144972384,0
5367.109375,100247,240,89.41176533699036,0.0,0.003933915868401527,0
5369.26171875,100279,240,89.80392217636108,0.0,0.01690596528351307,0
5371.40625,100311,241,90.19607901573181,0.0,0.0351640023291111,0
5373.5546875,100343,241,90.19607901573181,0.0,0.05295650660991669,0
5375.7265625,100375,242,90.19607901573181,0.0,0.07110534608364105,0
5377.8828125,100407,242,90.19607901573181,0.0,0.08527758717536926,0
5380.046875,100439,242,90.19607901573181,0.0,0.057577140629291534,0
5382.22265625,100472,243,90.58823585510254,0.0,0.032130591571331024,0
5384.37890625,100504,243,90.58823585510254,0.0,0.00849594920873642,0
5386.55078125,100536,244,90.58823585510254,0.0,-0.0,0
5388.7265625,100568,244,90.58823585510254,0.0,-0.0,0
5390.89453125,100600,245,90.58823585510254,0.0,0.011029725894331932,0
5393.08984375,100632,245,90.98039269447327,0.0,0.025797173380851746,0
5395.29296875,100664,246,90.98039269447327,0.0,0.044963620603084564,0
5397.5,100696,246,90.98039269447327,0.0,0.06353296339511871,0
5399.7109375,100728,246,90.98039269447327,0.0,0.07739262282848358,0
5401.93359375,100760,247,90.98039269447327,0.0,0.05048306658864021,0
5404.15625,100793,247,90.98039269447327,0.0,0.025601133704185486,0
5406.390625,100825,248,90.98039269447327,0.0,0.002415088936686516,0
5408.62890625,100858,248,90.98039269447327,0.0,-0.0,0
5410.859375,100890,249,91.372549533844,0.0,-0.0,0
5413.09375,100922,249,91.372549533844,0.0,-0.0,0
5415.3515625,100955,249,91.372549533844,0.0,0.011359991505742073,0
5417.63671875,100987,250,91.372549533844,0.0,0.02641075849533081,0
5419.9296875,101020,250,91.76470637321472,0.0,0.045781709253787994,0
5422.25,101053,251,92.15686321258545,0.0,0.064550019800663,0
5424.6015625,101087,251,92.15686321258545,0.0,0.07625264674425125,0
5426.9921875,101120,252,92.15686321258545,0.0,0.04850692301988602,0
5429.40625,101154,252,92.15686321258545,0.0,0.02265288680791855,0
5431.82421875,101189,252,92.9411768913269,0.0,-0.0,0
5434.25,101223,253,93.33333373069763,0.0,-0.0,0
5436.65625,101258,253,93.33333373069763,0.0,0.011085075326263905,0
5439.078125,101292,254,93.72549057006836,0.0,0.024137917906045914,0
5441.4609375,101326,254,93.72549057006836,0.0,0.03742407262325287,0
5443.81640625,101360,255,94.11764740943909,0.0,0.05392853915691376,0
5446.16015625,101393,255,94.50980424880981,0.0,0.06756497174501419,0
5448.515625,101426,256,94.90196108818054,0.0,0.041323114186525345,0
5450.859375,101459,256,96.07843160629272,0.0,0.016951635479927063,0
5453.23828125,101492,256,96.86274528503418,0.0,0.0003842930309474468,0
5455.59375,101526,257,97.64705896377563,0.0,-0.0,0
5457.984375,101559,257,98.82352948188782,0.0,-0.0,0
5460.37890625,101592,258,99.21568632125854,0.0,-0.0,0
5462.77734375,101625,258,99.60784316062927,0.0,-0.0,0
5465.171875,101659,258,100.0,0.0,-0.0,0
5467.64453125,101692,259,100.0,0.0,-0.0,0
5470.1171875,101726,260,100.0,0.0,-0.0,0
5472.625,101761,260,100.0,0.0,-0.0,0
5475.109375,101795,261,100.0,0.0,-0.0,0
5477.625,101830,261,100.0,0.0,-0.0,0
5480.109375,101864,262,100.0,0.0,0.0007108596619218588,0
5482.60546875,101898,262,100.0,0.0,0.012761790305376053,0
5485.015625,101933,263,100.0,0.0,0.03241138905286789,0
5487.4375,101966,263,100.0,0.0,0.05075599253177643,0
5489.85546875,101999,264,100.0,0.0,0.06850764155387878,0
5492.31640625,102032,264,100.0,0.0,0.0854790061712265,0
5494.74609375,102065,264,100.0,0.0,0.1020144447684288,0
5497.2109375,102098,265,100.0,0.0,0.09879732877016068,0
5499.67578125,102132,265,100.0,0.0,0.07018005102872849,0
5502.15625,102165,265,100.0,0.0,0.044259920716285706,0
5504.6328125,102199,266,100.0,0.0,0.020151330158114433,0
5507.09765625,102232,266,100.0,0.0,0.003508736612275243,0
5509.59375,102265,267,100.0,0.0,-0.0,0
5512.06640625,102299,267,100.0,0.0,-0.0,0
5514.54296875,102332,268,100.0,0.0,-0.0,0
5517.03515625,102365,268,100.0,0.0,-0.0,0
5519.5078125,102399,269,100.0,0.0,-0.0,0
5521.984375,102432,269,100.0,0.0,-0.0,0
5524.453125,102465,270,100.0,0.0,-0.0,0
5526.8828125,102498,270,100.0,0.0,-0.0,0
5529.3359375,102530,270,100.0,0.0,-0.0,0
5531.80078125,102563,271,100.0,0.0,-0.0,0
5534.2578125,102596,271,100.0,0.0,-0.0,0
5536.73828125,102628,272,100.0,0.0,0.016224831342697144,0
5539.2265625,102661,272,100.0,0.0,0.031513363122940063,0
5541.71875,102694,273,100.0,0.0,0.04959563538432121,0
5544.2265625,102727,273,100.0,0.0,0.06707709282636642,0
5546.75,102760,273,100.0,0.0,0.08392515033483505,0
5549.2578125,102793,274,100.0,0.0,0.10016647726297379,0
5551.7578125,102826,274,100.0,0.0,0.11146081984043121,0
5554.2578125,102859,274,100.0,0.0,0.08283097296953201,0
5556.76953125,102891,274,100.0,0.0,0.05662352964282036,0
5559.29296875,102924,274,100.0,0.0,0.03247702121734619,0
5561.82421875,102957,275,100.0,0.0,0.009619401767849922,0
5564.3515625,102990,275,100.0,0.0,-0.0,0
5566.90234375,103023,275,100.0,0.0,-0.0,0
5569.46484375,103056,276,100.0,0.0,-0.0,0
5572.0390625,103090,276,100.0,0.0,-0.0,0
5574.61328125,103123,276,100.0,0.0,-0.0,0
5577.2109375,103156,277,100.0,0.0,-0.0,0
5579.796875,103189,277,100.0,0.0,-0.0,0
5582.37890625,103223,278,100.0,0.0,-0.0,0
5584.96484375,103256,278,100.0,0.0,-0.0,0
5587.54296875,103289,278,100.0,0.0,-0.0,0
5590.1171875,103322,279,100.0,0.0,-0.0,0
5592.6875,103355,279,100.0,0.0,-0.0,0
5595.2421875,103387,279,100.0,0.0,-0.0,0
5597.8046875,103420,279,100.0,0.0,-0.0,0
5600.375,103453,280,100.0,0.0,-0.0,0
5602.95703125,103485,280,100.0,0.0,-0.0,0
5605.55078125,103518,280,100.0,0.0,-0.0,0
5608.14453125,103551,281,100.0,0.0,0.018197787925601006,0
5610.7421875,103584,281,100.0,0.0,0.032240740954875946,0
5613.34765625,103617,281,100.0,0.0,0.050153329968452454,0
5615.9609375,103650,281,100.0,0.0,0.06755337119102478,0
5618.57421875,103683,282,100.0,0.0,0.08130204677581787,0
5621.171875,103716,282,100.0,0.0,0.05515453591942787,0
5623.765625,103749,282,100.0,0.0,0.031199133023619652,0
5626.3984375,103782,282,100.0,0.0,0.008862771093845367,0
5629.03125,103815,282,100.0,0.0,-0.0,0
5631.6640625,103849,283,100.0,0.0,-0.0,0
5634.29296875,103882,283,100.0,0.0,-0.0,0
5636.91796875,103915,283,100.0,0.0,0.0008079048129729927,0
5639.55078125,103948,283,100.0,0.0,0.012368663214147091,0
5642.16796875,103982,284,100.0,0.0,0.027478136122226715,0
5644.75390625,104015,284,100.0,0.0,0.044277116656303406,0
5647.33984375,104047,284,100.0,0.0,0.06019507348537445,0
5649.9296875,104080,284,100.0,0.0,0.05912225320935249,0
5652.53515625,104113,284,100.0,0.0,0.035029008984565735,0
5655.1328125,104145,285,100.0,0.0,0.012525551952421665,0
5657.71484375,104178,285,100.0,0.0,-0.0,0
5660.3203125,104211,285,100.0,0.0,-0.0,0
5662.91015625,104244,285,100.0,0.0,-0.0,0
5665.4921875,104276,285,100.0,0.0,0.00993945449590683,0
5668.05078125,104309,286,100.0,0.0,0.02170916646718979,0
5670.61328125,104341,286,100.0,0.0,0.036374058574438095,0
5673.19921875,104373,286,100.0,0.0,0.053910963237285614,0
5675.8203125,104405,286,100.0,0.0,0.07105828821659088,0
5678.421875,104438,286,100.0,0.0,0.081195168197155,0
5681.03125,104471,286,100.0,0.0,0.05543860048055649,0
5683.6484375,104504,286,100.0,0.0,0.03157613426446915,0
5686.2578125,104537,287,100.0,0.0,0.009270874783396721,0
5688.87109375,104569,287,100.0,0.0,-0.0,0
5691.46484375,104602,287,100.0,0.0,-0.0,0
5694.046875,104635,287,100.0,0.0,-0.0,0
5696.65234375,104667,287,100.0,0.0,-0.0,0
5699.296875,104699,287,100.0,0.0,-0.0,0
5701.95703125,104733,287,100.0,0.0,-0.0,0
5704.625,104766,288,100.0,0.0,-0.0,0
5707.30078125,104799,288,100.0,0.0,-0.0,0
5709.984375,104833,288,100.0,0.0,-0.0,0
5712.65625,104866,288,100.0,0.0,-0.01634274050593376,0
5715.3046875,104899,288,100.0,0.0,-0.031219812110066414,0
5717.9296875,104932,288,100.0,0.0,-0.04556681960821152,0
5720.55078125,104965,288,100.0,0.0,-0.061295606195926666,0
5723.171875,104998,288,100.0,0.0,-0.07582876086235046,0
5725.7890625,105030,289,100.0,0.0,-0.04942314699292183,0
5728.390625,105063,289,100.0,0.0,-0.024841252714395523,0
5730.98828125,105095,289,100.0,0.0,-0.0024585649371147156,0
5733.59375,105128,289,100.0,0.0,-0.0,0
5736.1953125,105160,289,100.0,0.0,-0.0,0
5738.8046875,105192,289,100.0,0.0,-0.0,0
5741.42578125,105225,289,100.0,0.0,-0.0,0
5744.0625,105257,289,100.0,0.0,-0.0,0
5746.72265625,105290,289,100.0,0.0,-0.0,0
5749.3984375,105323,289,100.0,0.0,-0.0,0
5752.06640625,105356,289,100.0,0.0,-0.0,0
5754.7421875,105390,290,100.0,0.0,-0.0,0
5757.41796875,105423,290,100.0,0.0,-0.0,0
5760.078125,105456,290,100.0,0.0,-0.0,0
5762.73828125,105489,290,100.0,0.0,-0.0,0
5765.41796875,105522,290,100.0,0.0,-0.0,0
5768.16015625,105555,290,100.0,0.0,-0.0,0
5770.9296875,105589,290,100.0,0.0,-0.0,0
5773.6953125,105623,290,100.0,0.0,-0.0,0
5776.4765625,105658,290,100.0,0.0,-0.0,0
5779.265625,105692,290,100.0,0.0,-0.01303219236433506,0
5782.05859375,105727,290,100.0,0.0,-0.024349158629775047,0
5784.84375,105761,290,100.0,0.0,-0.039000969380140305,0
5787.59375,105796,291,100.0,0.0,-0.05342770740389824,0
5790.3203125,105830,291,100.0,0.0,-0.06808978319168091,0
5793.046875,105864,290,100.0,0.0,-0.05311078950762749,0
5795.7734375,105897,290,100.0,0.0,-0.027712609618902206,0
5798.484375,105931,290,100.0,0.0,-0.0044440580531954765,0
5801.19921875,105965,291,100.0,0.0,-0.0,0
5803.890625,105998,291,100.0,0.0,-0.0,0
5806.578125,106032,291,100.0,0.0,-0.0,0
5809.27734375,106065,291,100.0,0.0,-0.010569690726697445,0
5811.98828125,106098,291,100.0,0.0,-0.023869628086686134,0
5814.72265625,106132,291,100.0,0.0,-0.04105722904205322,0
5817.453125,106166,291,100.0,0.0,-0.05551192909479141,0
5820.19140625,106200,291,100.0,0.0,-0.0733768567442894,0
5822.93359375,106233,291,100.0,0.0,-0.056828126311302185,0
5825.67578125,106267,291,100.0,0.0,-0.03276583179831505,0
5828.40625,106301,291,100.0,0.0,-0.009735274128615856,0
5831.12109375,106335,290,100.0,0.0,-0.019979989156126976,0
5833.83203125,106369,290,100.0,0.0,-0.0352715440094471,0
5836.5390625,106402,290,100.0,0.0,-0.049912597984075546,0
5839.23046875,106435,290,100.0,0.0,-0.06469660252332687,0
5841.90625,106469,290,100.0,0.0,-0.07905372232198715,0
5844.55859375,106502,290,100.0,0.0,-0.06280072033405304,0
5847.21484375,106534,290,100.0,0.0,-0.03637649863958359,0
5849.8828125,106567,290,100.0,0.0,-0.012223869562149048,0
5852.54296875,106600,290,100.0,0.0,-0.0,0
5855.203125,106633,290,100.0,0.0,-0.0,0
5857.859375,106665,290,100.0,0.0,-0.0,0
5860.6328125,106698,290,100.0,0.0,-0.00995435006916523,0
5863.4375,106732,290,100.0,0.0,-0.02209354192018509,0
5866.24609375,106766,290,100.0,0.0,-0.03777982294559479,0
5869.0234375,106801,290,100.0,0.0,-0.05709974467754364,0
5871.828125,106835,290,100.0,0.0,-0.07512659579515457,0
5874.61328125,106870,289,100.0,0.0,-0.09311540424823761,0
5877.41015625,106904,289,100.0,0.0,-0.11026895046234131,0
5880.08203125,106938,289,100.0,0.0,-0.10508721321821213,0
5882.7109375,106971,289,100.0,0.0,-0.07761531323194504,0
5885.32421875,107004,288,100.0,0.0,-0.04621244594454765,0
5887.96875,107036,288,100.0,0.0,-0.019595734775066376,0
5890.578125,107068,288,100.0,0.0,-0.0025546338874846697,0
5893.20703125,107100,288,100.0,0.0,-0.012728473171591759,0
5895.828125,107133,288,100.0,0.0,-0.027182254940271378,0
5898.48046875,107165,288,100.0,0.0,-0.04480661824345589,0
5901.1328125,107197,288,100.0,0.0,-0.06168801337480545,0
5903.78125,107230,288,100.0,0.0,-0.07257428020238876,0
5906.42578125,107263,288,100.0,0.0,-0.047466475516557693,0
5909.07421875,107295,288,100.0,0.0,-0.022263437509536743,0
5911.72265625,107328,288,100.0,0.0,-0.0,0
5914.359375,107361,288,100.0,0.0,-0.010151716880500317,0
5916.984375,107393,288,100.0,0.0,-0.022416165098547935,0
5919.6171875,107426,288,100.0,0.0,-0.04147940129041672,0
5922.2578125,107458,288,100.0,0.0,-0.05633305013179779,0
5924.89453125,107491,288,100.0,0.0,-0.06928304582834244,0
5927.53125,107523,288,100.0,0.0,-0.08041543513536453,0
5930.16796875,107556,287,100.0,0.0,-0.05480967462062836,0
5932.8046875,107589,287,100.0,0.0,-0.0285622701048851,0
5935.4296875,107621,287,100.0,0.0,-0.0047100079245865345,0
5938.046875,107654,287,100.0,0.0,-0.0,0
5940.65625,107686,287,100.0,0.0,-0.010485033504664898,0
5943.28515625,107718,287,100.0,0.0,-0.02589954063296318,0
5945.92578125,107751,287,100.0,0.0,-0.041384194046258926,0
5948.5546875,107783,287,100.0,0.0,-0.06020116060972214,0
5951.1875,107816,287,100.0,0.0,-0.07661896198987961,0
5953.81640625,107849,287,100.0,0.0,-0.09012028574943542,0
5956.44140625,107882,287,100.0,0.0,-0.06522348523139954,0
5959.05859375,107914,286,100.0,0.0,-0.0410570353269577,0
5961.65234375,107947,286,100.0,0.0,-0.018054280430078506,0
5964.234375,107979,286,100.0,0.0,-0.02855793759226799,0
5966.8203125,108011,286,100.0,0.0,-0.04056376591324806,0
5969.40625,108044,286,100.0,0.0,-0.05598754435777664,0
5971.99609375,108076,286,100.0,0.0,-0.07142077386379242,0
5974.59375,108108,286,100.0,0.0,-0.08492381870746613,0
5977.19921875,108141,286,100.0,0.0,-0.06043669208884239,0
5979.796875,108173,286,100.0,0.0,-0.03337864205241203,0
5982.37890625,108206,286,100.0,0.0,-0.008883793838322163,0
5984.953125,108238,286,100.0,0.0,-0.0,0
5987.51953125,108270,286,100.0,0.0,-0.010479513555765152,0
5990.07421875,108302,286,100.0,0.0,-0.02494232729077339,0
5992.609375,108335,286,100.0,0.0,-0.04211410880088806,0
5995.13671875,108366,286,100.0,0.0,-0.05642630159854889,0
5997.66015625,108398,286,100.0,0.0,-0.07091795653104782,0
6000.1875,108430,285,100.0,0.0,-0.08702760934829712,0
6002.71875,108462,285,100.0,0.0,-0.06384244561195374,0
6005.2421875,108494,285,100.0,0.0,-0.039355985820293427,0
6007.78125,108526,285,100.0,0.0,-0.01467259880155325,0
6010.31640625,108558,285,100.0,0.0,-0.0,0
6012.859375,108590,285,100.0,0.0,-0.0,0
6015.40625,108622,285,100.0,0.0,-0.0,0
6017.94921875,108654,285,100.0,0.0,-0.0,0
6020.48046875,108686,285,100.0,0.0,-0.0,0
6023.01953125,108718,285,100.0,0.0,-0.011423496529459953,0
6025.55078125,108750,285,100.0,0.0,-0.030005009844899178,0
6028.08203125,108782,285,100.0,0.0,-0.045613788068294525,0
6030.609375,108814,285,100.0,0.0,-0.059734757989645004,0
6033.1328125,108846,285,100.0,0.0,-0.07231499999761581,0
6035.6640625,108878,285,100.0,0.0,-0.06574367731809616,0
6038.1953125,108910,285,100.0,0.0,-0.04094011336565018,0
6040.71875,108942,285,100.0,0.0,-0.016600163653492928,0
6043.24609375,108974,285,100.0,0.0,-0.00030952473753131926,0
6045.765625,109006,285,100.0,0.0,-0.0,0
6048.2890625,109037,285,100.0,0.0,-0.0,0
6050.8046875,109069,285,100.0,0.0,-0.0,0
6053.30078125,109101,285,100.0,0.0,-0.0,0
6055.8046875,109132,285,100.0,0.0,-0.0,0
6058.31640625,109164,285,100.0,0.0,-0.0,0
6060.828125,109196,285,100.0,0.0,-0.0,0
6063.34375,109227,285,100.0,0.0,-0.0,0
6065.890625,109259,285,100.0,0.0,-0.0,0
6068.44921875,109291,285,100.0,0.0,-0.0,0
6071.0234375,109323,285,100.0,0.0,-0.0,0
6073.609375,109356,285,100.0,0.0,-0.0,0
6076.19921875,109388,285,100.0,0.0,-0.0,0
6078.78125,109421,285,100.0,0.0,-0.0,0
6081.3671875,109454,285,100.0,0.0,-0.0,0
6083.94140625,109486,285,100.0,0.0,-0.0,0
6086.5078125,109519,285,100.0,0.0,-0.0,0
6089.0703125,109551,285,100.0,0.0,-0.0,0
6091.6328125,109583,285,100.0,0.0,-0.0,0
6094.203125,109616,285,100.0,0.0,-0.0,0
6096.80078125,109648,286,100.0,0.0,-0.0,0
6099.40625,109681,286,100.0,0.0,-0.0,0
6102.00390625,109713,286,100.0,0.0,-0.0,0
6104.609375,109746,286,100.0,0.0,-0.0,0
6107.2109375,109779,286,100.0,0.0,-0.0,0
6109.80859375,109812,286,100.0,0.0,-0.01682259514927864,0
6112.38671875,109844,286,100.0,0.0,-0.03177470713853836,0
6114.953125,109877,286,100.0,0.0,-0.044630683958530426,0
6117.5078125,109909,286,100.0,0.0,-0.057017434388399124,0
6120.0703125,109941,286,100.0,0.0,-0.0692160502076149,0
6122.62890625,109974,286,100.0,0.0,-0.08072036504745483,0
6125.1953125,110006,285,100.0,0.0,-0.09207066893577576,0
6127.76171875,110038,285,100.0,0.0,-0.06915879994630814,0
6130.32421875,110070,285,100.0,0.0,-0.04706568643450737,0
6132.8828125,110103,285,100.0,0.0,-0.059473007917404175,0
6135.43359375,110135,285,100.0,0.0,-0.0733172670006752,0
6137.9921875,110167,285,100.0,0.0,-0.08947622030973434,0
6140.53125,110200,285,100.0,0.0,-0.10246364772319794,0
6143.06640625,110232,284,100.0,0.0,-0.11371088027954102,0
6145.59765625,110264,284,100.0,0.0,-0.12482123076915741,0
6148.140625,110297,284,100.0,0.0,-0.13678468763828278,0
6150.69921875,110329,284,100.0,0.0,-0.10833781212568283,0
6153.25,110362,283,100.0,0.0,-0.07131600379943848,0
6155.78515625,110395,283,100.0,0.0,-0.0396561436355114,0
6158.31640625,110427,283,100.0,0.0,-0.0164872407913208,0
6160.84765625,110459,283,100.0,0.0,-0.029080092906951904,0
6163.39453125,110492,283,100.0,0.0,-0.04405464604496956,0
6165.93359375,110524,283,100.0,0.0,-0.05898444727063179,0
6168.453125,110557,283,100.0,0.0,-0.07401739060878754,0
6170.98046875,110589,282,100.0,0.0,-0.08773799985647202,0
6173.515625,110621,282,100.0,0.0,-0.10094340890645981,0
6176.0625,110653,282,100.0,0.0,-0.11408990621566772,0
6178.60546875,110685,282,100.0,0.0,-0.0885617733001709,0
6181.18359375,110717,282,100.0,0.0,-0.06238916143774986,0
6183.75390625,110749,281,100.0,0.0,-0.07282259315252304,0
6186.3125,110781,281,100.0,0.0,-0.09116723388433456,0
6188.875,110813,281,100.0,0.0,-0.10534735023975372,0
6191.4296875,110846,281,100.0,0.0,-0.11866854131221771,0
6193.9765625,110878,280,100.0,0.0,-0.13203613460063934,0
6196.51953125,110910,280,100.0,0.0,-0.14435409009456635,0
6199.03515625,110942,280,100.0,0.0,-0.15692152082920074,0
6201.57421875,110973,279,100.0,0.0,-0.1687842458486557,0
6204.125,111005,279,100.0,0.0,-0.18108390271663666,0
6206.671875,111037,278,100.0,0.0,-0.19193172454833984,0
6209.2109375,111069,278,100.0,0.0,-0.16317589581012726,0
6211.7578125,111101,277,100.0,0.0,-0.11888064444065094,0
6214.30859375,111133,277,100.0,0.0,-0.08012053370475769,0
6216.8515625,111166,277,100.0,0.0,-0.04632290452718735,0
6219.3984375,111198,277,100.0,0.0,-0.017189156264066696,0
6221.9453125,111230,276,100.0,0.0,-0.0,0
6224.49609375,111262,276,100.0,0.0,-0.0,0
6227.0546875,111295,276,100.0,0.0,-0.0,0
6229.6015625,111327,277,100.0,0.0,-0.0,0
6232.1328125,111359,277,100.0,0.0,-0.0,0
6234.66796875,111391,277,100.0,0.0,-0.0,0
6237.21875,111424,277,100.0,0.0,-0.012189197354018688,0
6239.7734375,111456,277,100.0,0.0,-0.028711525723338127,0
6242.32421875,111489,277,100.0,0.0,-0.043982453644275665,0
6244.8828125,111522,277,100.0,0.0,-0.05832170322537422,0
6247.4375,111555,277,100.0,0.0,-0.07221256196498871,0
6249.984375,111588,277,100.0,0.0,-0.08562030643224716,0
6252.4921875,111622,277,100.0,0.0,-0.09851647168397903,0
6254.97265625,111655,277,100.0,0.0,-0.1109062135219574,0
6257.44140625,111687,276,100.0,0.0,-0.12280021607875824,0
6260.12109375,111720,276,100.0,0.0,-0.1344282627105713,0
6262.7890625,111755,276,100.0,0.0,-0.14839549362659454,0
6265.4453125,111791,276,100.0,0.0,-0.11797922849655151,0
6268.09765625,111826,275,100.0,0.0,-0.08739876002073288,0
6270.75,111861,275,100.0,0.0,-0.09543216973543167,0
6273.4140625,111896,275,100.0,0.0,-0.11198639869689941,0
6276.0859375,111931,275,100.0,0.0,-0.1294000893831253,0
6278.546875,111966,274,100.0,0.0,-0.1480952501296997,0
6281.0390625,111999,274,100.0,0.0,-0.1647709459066391,0
6283.5234375,112031,274,100.0,0.0,-0.1810993254184723,0
6286.00390625,112064,273,100.0,0.0,-0.1970670074224472,0
6288.49609375,112097,273,100.0,0.0,-0.21282373368740082,0
6290.984375,112129,272,100.0,0.0,-0.21056778728961945,0
6293.46484375,112162,272,100.0,0.0,-0.1773885041475296,0
6295.94140625,112195,272,100.0,0.0,-0.1305571049451828,0
6298.3984375,112228,271,100.0,0.0,-0.08899983763694763,0
6300.87109375,112261,271,100.0,0.0,-0.053423166275024414,0
6303.3671875,112293,271,100.0,0.0,-0.022485055029392242,0
6305.8671875,112327,271,100.0,0.0,-0.0029628132469952106,0
6308.36328125,112360,271,100.0,0.0,-0.0,0
6310.875,112393,271,100.0,0.0,-0.0,0
6313.39453125,112427,271,100.0,0.0,-0.0,0
6315.91015625,112460,271,100.0,0.0,-0.0,0
6318.4296875,112494,271,100.0,0.0,0.018662329763174057,0
6320.93359375,112527,272,100.0,0.0,0.03545674681663513,0
6323.4609375,112560,272,100.0,0.0,0.05056256428360939,0
6325.9921875,112594,272,100.0,0.0,0.06525653600692749,0
6328.5078125,112627,272,100.0,0.0,0.08009105920791626,0
6331.02734375,112661,272,100.0,0.0,0.09339670836925507,0
6333.5546875,112694,272,100.0,0.0,0.1074908971786499,0
6336.08203125,112727,272,100.0,0.0,0.1203528344631195,0
6338.6328125,112761,272,100.0,0.0,0.13755665719509125,0
6341.140625,112795,272,100.0,0.0,0.11248063296079636,0
6343.66796875,112828,272,100.0,0.0,0.08289359509944916,0
6346.21484375,112861,272,100.0,0.0,0.05546154826879501,0
6348.7421875,112895,272,100.0,0.0,0.029429443180561066,0
6351.26953125,112928,273,100.0,0.0,0.004963107407093048,0
6353.79296875,112961,273,100.0,0.0,-0.0,0
6356.29296875,112995,273,100.0,0.0,-0.0,0
6358.8046875,113027,273,100.0,0.0,-0.0,0
6361.3203125,113061,274,100.0,0.0,-0.0,0
6363.8359375,113094,274,100.0,0.0,-0.0,0
6366.37109375,113127,274,100.0,0.0,-0.0,0
6368.91015625,113160,274,100.0,0.0,-0.0,0
6371.46484375,113193,275,100.0,0.0,-0.0,0
6374.03125,113227,275,100.0,0.0,-0.016733303666114807,0
6376.6015625,113260,275,100.0,0.0,-0.02881482243537903,0
6379.1796875,113294,275,100.0,0.0,-0.040746696293354034,0
6381.75,113327,276,100.0,0.0,-0.0517394132912159,0
6384.328125,113361,276,100.0,0.0,-0.0265768114477396,0
6386.91796875,113394,276,100.0,0.0,-0.0031383922323584557,0
6389.49609375,113428,276,100.0,0.0,-0.0,0
6392.078125,113462,277,100.0,0.0,-0.0,0
6394.6796875,113495,277,100.0,0.0,-0.0,0
6397.26171875,113529,277,100.0,0.0,-0.0,0
6399.859375,113562,278,100.0,0.0,-0.0,0
6402.46484375,113596,278,100.0,0.0,-0.0,0
6405.0625,113630,278,100.0,0.0,-0.0,0
6407.68359375,113663,278,100.0,0.0,-0.0,0
6410.3125,113697,279,100.0,0.0,-0.0,0
6412.9375,113731,279,100.0,0.0,-0.0,0
6415.5703125,113765,279,100.0,0.0,-0.0,0
6418.1953125,113799,279,100.0,0.0,-0.0,0
6420.81640625,113832,280,100.0,0.0,-0.0,0
6423.4609375,113866,280,100.0,0.0,-0.0,0
6426.08984375,113900,280,100.0,0.0,-0.0,0
6428.7109375,113934,280,100.0,0.0,-0.0,0
6431.328125,113967,281,100.0,0.0,-0.0,0
6433.9453125,114001,281,100.0,0.0,-0.0,0
6436.56640625,114034,281,100.0,0.0,-0.0,0
6439.1875,114068,281,100.0,0.0,-0.0,0
6441.8359375,114101,282,100.0,0.0,-0.0,0
6444.48828125,114135,282,100.0,0.0,-0.0,0
6447.140625,114169,282,100.0,0.0,-0.0,0
6449.80078125,114202,282,100.0,0.0,-0.0,0
6452.47265625,114236,283,100.0,0.0,-0.0,0
6455.1484375,114270,283,100.0,0.0,0.016372792422771454,0
6457.8359375,114304,283,100.0,0.0,0.028094669803977013,0
6460.515625,114338,283,100.0,0.0,0.04031313210725784,0
6463.21484375,114372,283,100.0,0.0,0.05412806198000908,0
6465.921875,114406,284,100.0,0.0,0.06563937664031982,0
6468.6484375,114440,284,100.0,0.0,0.040942538529634476,0
6471.40234375,114474,284,100.0,0.0,0.017992570996284485,0
6474.15625,114509,284,100.0,0.0,0.0022548651322722435,0
6476.9140625,114543,284,100.0,0.0,-0.0,0
6479.67578125,114577,285,100.0,0.0,-0.0,0
6482.4296875,114612,285,100.0,0.0,-0.0,0
6485.19140625,114646,285,100.0,0.0,-0.0,0
6487.94921875,114681,285,100.0,0.0,0.004885892849415541,0
6490.7109375,114715,285,100.0,0.0,0.017043376341462135,0
6493.49609375,114749,286,100.0,0.0,0.031805649399757385,0
6496.28515625,114784,286,100.0,0.0,0.04395977407693863,0
6499.0703125,114819,286,100.0,0.0,0.05736992508172989,0
6501.859375,114854,286,100.0,0.0,0.03282786160707474,0
6504.6484375,114889,286,100.0,0.0,0.009918655268847942,0
6507.453125,114923,287,100.0,0.0,7.673443906242028e-05,0
6510.28515625,114958,287,100.0,0.0,-0.0,0
6513.078125,114994,287,100.0,0.0,-0.0,0
6515.859375,115029,287,100.0,0.0,-0.0,0
6518.625,115063,287,100.0,0.0,0.011069848202168941,0
6521.359375,115098,287,100.0,0.0,0.02618122659623623,0
6524.08984375,115132,288,100.0,0.0,0.044182248413562775,0
6526.78125,115166,288,100.0,0.0,0.0615343302488327,0
6529.4609375,115199,288,100.0,0.0,0.07443837076425552,0
6532.13671875,115233,288,100.0,0.0,0.04938545823097229,0
6534.79296875,115266,288,100.0,0.0,0.026370562613010406,0
6537.4453125,115299,288,100.0,0.0,0.005067626945674419,0
6540.1171875,115332,288,100.0,0.0,-0.0,0
6542.7890625,115365,289,100.0,0.0,0.009457457810640335,0
6545.453125,115399,289,100.0,0.0,0.02283821627497673,0
6548.09765625,115432,289,100.0,0.0,0.04067933186888695,0
6550.7421875,115465,289,100.0,0.0,0.05783946439623833,0
6553.40625,115498,289,100.0,0.0,0.07440735399723053,0
6556.08203125,115531,289,100.0,0.0,0.08897631615400314,0
6558.734375,115564,289,100.0,0.0,0.06248520314693451,0
6561.37890625,115597,289,100.0,0.0,0.038507129997015,0
6564.03125,115630,289,100.0,0.0,0.016397135332226753,0
6566.703125,115663,289,100.0,0.0,0.0010506358230486512,0
6569.4140625,115696,290,100.0,0.0,-0.0,0
6572.16796875,115729,290,100.0,0.0,-0.0,0
6574.9453125,115764,290,100.0,0.0,-0.0,0
6577.703125,115798,290,100.0,0.0,-0.0,0
6580.47265625,115832,290,100.0,0.0,-0.0,0
6583.25,115867,290,100.0,0.0,-0.0,0
6586.01171875,115901,291,100.0,0.0,-0.0,0
6588.74609375,115935,291,100.0,0.0,-0.0,0
6591.42578125,115969,291,100.0,0.0,-0.0,0
6594.0859375,116002,291,100.0,0.0,-0.0,0
6596.7734375,116035,291,100.0,0.0,-0.0,0
6599.453125,116068,291,100.0,0.0,-0.0,0
6602.1328125,116101,291,100.0,0.0,-0.0,0
6604.796875,116135,291,100.0,0.0,-0.0,0
6607.4609375,116168,292,100.0,0.0,0.010467133484780788,0
6610.12109375,116200,292,100.0,0.0,0.02172580361366272,0
6612.78125,116233,292,100.0,0.0,0.035996582359075546,0
6615.4375,116266,292,100.0,0.0,0.04953446984291077,0
6618.109375,116299,292,100.0,0.0,0.058708302676677704,0
6620.78515625,116332,292,100.0,0.0,0.03567687049508095,0
6623.47265625,116365,292,100.0,0.0,0.014323683455586433,0
6626.16796875,116398,292,100.0,0.0,-0.0,0
6628.84765625,116431,292,70.98039388656616,0.0,-0.0,0
6631.5078125,116464,291,20.39215713739395,31.600001454353333,-0.0,0
6634.1328125,116497,288,0.0,61.73417568206787,-0.0,0
6636.70703125,116530,284,0.0,91.98663830757141,-0.0,0
6639.24609375,116563,280,0.0,100.0,-0.0,0
6641.7421875,116595,276,0.0,100.0,-0.0,0
6644.2109375,116628,272,0.0,100.0,-0.0,0
6646.64453125,116661,268,0.0,100.0,-0.0,0
6649.0390625,116694,263,0.0,100.0,-0.0,0
6651.5,116727,259,0.0,100.0,-0.0,0
6653.92578125,116762,254,0.0,100.0,-0.0,0
6656.328125,116796,250,0.0,100.0,-0.0,0
6658.6484375,116831,245,0.0,100.0,-0.0,0
6660.9296875,116866,241,0.0,100.0,-0.0,0
6663.140625,116900,236,0.0,100.0,-0.0,0
6665.33203125,116934,232,0.0,100.0,-0.0,0
6667.4140625,116968,227,0.0,100.0,-0.0,0
6669.44921875,117001,223,0.0,100.0,-0.0,0
6671.44140625,117035,219,0.0,100.0,-0.014021988958120346,0
6673.4375,117068,214,0.0,100.0,-0.031789764761924744,0
6675.375,117102,210,0.0,100.0,-0.05547051876783371,0
6677.30078125,117135,206,0.0,100.0,-0.07365656644105911,0
6679.1796875,117169,203,0.0,100.0,-0.039341941475868225,0
6681.01953125,117202,200,0.0,100.0,-0.007989691570401192,0
6682.81640625,117236,197,0.0,100.0,-0.0,0
6684.55859375,117269,193,0.0,100.0,-0.0,0
6686.2421875,117302,189,0.0,100.0,-0.0,0
6687.90234375,117334,185,0.0,100.0,-0.0,0
6689.5234375,117367,182,0.0,100.0,-0.0,0
6691.1171875,117399,178,0.0,100.0,-0.0,0
6692.67578125,117431,175,0.0,100.0,-0.0,0
6694.19921875,117464,171,0.0,100.0,-0.0,0
6695.6953125,117496,167,0.0,100.0,-0.0,0
6697.1640625,117529,164,0.0,100.0,-0.0,0
6698.6171875,117561,161,0.0,100.0,-0.0,0
6700.05859375,117594,159,0.0,100.0,-0.0,0
6701.46484375,117627,156,0.0,100.0,-0.0,0
6702.83203125,117659,153,0.0,100.0,-0.0,0
6704.171875,117692,150,0.0,100.0,-0.0,0
6705.48046875,117724,146,0.0,100.0,-0.0,0
6706.76171875,117757,143,0.0,100.0,-0.0,0
6708.0078125,117789,140,0.0,100.0,0.026085074990987778,0
6709.21875,117822,138,0.0,100.0,0.043049249798059464,0
6710.41015625,117854,135,0.0,100.0,0.06067953258752823,0
6711.59375,117886,133,0.0,100.0,0.08258997648954391,0
6712.765625,117918,130,0.0,100.0,0.11194755136966705,0
6713.91015625,117951,127,0.0,100.0,0.13858871161937714,0
6715.04296875,117983,125,0.0,100.0,0.1671668142080307,0
6716.1796875,118016,123,0.0,100.0,0.19213570654392242,0
6717.296875,118049,121,0.0,100.0,0.14378172159194946,0
6718.3984375,118082,119,0.0,100.0,0.09562043845653534,0
6719.48046875,118116,116,0.0,100.0,0.04996868968009949,0
6720.53515625,118150,114,0.0,100.0,0.006880473345518112,0
6721.57421875,118183,111,0.0,100.0,-0.0,0
6722.5859375,118217,109,0.0,100.0,0.022720545530319214,0
6723.56640625,118251,106,0.0,100.0,0.053602106869220734,0
6724.5234375,118285,104,0.0,100.0,0.0903346985578537,0
6725.45703125,118318,101,0.0,100.0,0.1265794336795807,0
6726.359375,118351,99,0.0,100.0,0.16227708756923676,0
6727.234375,118385,97,0.0,100.0,0.1971929371356964,0
6728.09765625,118418,95,0.0,100.0,0.23152750730514526,0
6728.94140625,118451,93,0.0,75.23502707481384,0.26543301343917847,0
6729.76953125,118484,92,0.0,35.41077375411987,0.2989390790462494,0
6730.58984375,118517,91,0.0,1.1765671893954277,0.33167198300361633,0
6731.40234375,118550,90,0.0,0.0,0.36331313848495483,0
6732.203125,118583,90,0.0,0.0,0.39376476407051086,0
6732.9921875,118616,89,0.0,0.0,0.4232179820537567,0
6733.765625,118648,89,0.0,0.0,0.4516203999519348,0
6734.5234375,118681,88,0.0,0.0,0.33616477251052856,0
6735.2734375,118714,88,0.0,0.0,0.2668958902359009,0
6736.01953125,118746,88,0.0,0.0,0.20252582430839539,0
6736.75390625,118779,87,0.0,0.0,0.14259612560272217,0
6737.48046875,118811,87,0.0,0.0,0.08730533719062805,0
6738.2109375,118844,87,0.0,0.0,0.0361810028553009,0
6738.953125,118876,86,0.0,0.0,-0.0,0
6739.69921875,118908,86,0.0,0.0,-0.0,0
6740.453125,118941,86,0.0,0.0,-0.0,0
6741.20703125,118973,86,0.0,0.0,-0.0,0
6741.97265625,119005,85,0.0,0.0,-0.0,0
6742.75,119037,85,0.0,0.0,0.04015298932790756,0
6743.53125,119070,85,0.0,0.0,0.07930982112884521,0
6744.328125,119102,85,0.0,0.0,0.11712024360895157,0
6745.12890625,119135,84,0.0,0.0,0.15389984846115112,0
6745.9375,119167,84,0.0,0.0,0.18947884440422058,0
6746.7578125,119200,84,0.0,0.0,0.2238357961177826,0
6747.5859375,119232,83,0.0,0.0,0.2571236193180084,0
6748.4140625,119265,83,0.0,0.0,0.2891600728034973,0
6749.2578125,119297,83,0.0,0.0,0.32005220651626587,0
6750.109375,119330,83,0.0,0.0,0.3500588834285736,0
6750.96875,119362,82,0.0,0.0,0.3787868320941925,0
6751.98046875,119393,82,0.0,0.0,0.40658044815063477,0
6752.953125,119425,81,0.0,0.0,0.4337621033191681,0
6753.88671875,119457,81,0.0,0.0,0.4602429270744324,0
6754.78515625,119489,80,0.0,0.0,0.48603132367134094,0
6755.65625,119520,80,0.0,0.0,0.5110878944396973,0
6756.50390625,119552,79,0.0,0.0,0.5355169177055359,0
6757.328125,119583,79,0.0,0.0,0.5591769814491272,0
6758.13671875,119614,78,0.0,0.0,0.5821412205696106,0
6758.9296875,119645,78,0.0,0.0,0.6045475602149963,0
6759.7109375,119676,77,0.0,0.0,0.626356303691864,0
6760.484375,119707,77,0.0,0.0,0.6476354598999023,0
6761.25,119737,76,0.0,0.0,0.49635422229766846,0
6762.0234375,119767,75,0.0,0.0,0.5217346549034119,0
6762.796875,119798,75,0.0,0.0,0.5438175201416016,0
6763.57421875,119828,74,0.0,0.0,0.5265141725540161,0
6764.3515625,119858,74,0.0,0.0,0.5302013158798218,0
6765.046875,119888,73,0.0,0.0,0.48946449160575867,0
6765.7265625,119918,73,0.0,0.0,0.4800971448421478,0
6766.390625,119949,72,0.0,0.0,0.5031404495239258,0
6767.03515625,119979,71,0.0,0.0,0.5257338881492615,0
6767.671875,120010,71,0.0,0.0,0.5479149222373962,0
6768.29296875,120040,70,0.0,0.0,0.4925804138183594,0
6768.8984375,120071,70,0.0,0.0,0.5164204239845276,0
6769.4921875,120101,69,0.0,0.0,0.5397339463233948,0
6770.078125,120131,68,0.0,0.0,0.5625341534614563,0
6770.65234375,120162,68,0.0,0.0,0.5571175217628479,0
6771.21484375,120192,67,0.0,0.0,0.5804951190948486,0
6771.76953125,120222,67,0.0,0.0,0.577771782875061,0
6772.31640625,120252,66,0.0,0.0,0.5704185366630554,0
6772.859375,120283,65,0.0,0.0,0.5894929766654968,0
6773.39453125,120313,65,0.0,0.0,0.606063723564148,0
6773.9296875,120343,64,0.0,0.0,0.609268069267273,0
6774.4609375,120373,64,0.0,0.0,0.49351930618286133,0
6774.98828125,120404,64,0.0,0.0,0.4084444046020508,0
6775.51953125,120434,63,0.0,0.0,0.3288443684577942,0
6776.05078125,120465,63,0.0,0.0,0.2538008689880371,0
6776.5859375,120496,63,0.0,0.0,0.18319585919380188,0
6777.12109375,120527,63,0.0,0.0,0.10553289949893951,0
6777.65234375,120559,63,8.627451211214066,0.0,0.03309270367026329,0
6778.1875,120590,63,24.313725531101227,0.0,-0.037592142820358276,0
6778.73046875,120621,63,31.76470696926117,0.0,-0.07385514676570892,0
6779.27734375,120653,63,35.686275362968445,0.0,-0.11024247854948044,0
6779.82421875,120684,63,38.823530077934265,0.0,-0.11857916414737701,0
6780.375,120715,64,45.88235318660736,0.0,-0.05327539145946503,0
6780.92578125,120746,64,47.843137383461,0.0,-0.0,0
6781.4765625,120777,65,48.627451062202454,0.0,-0.0,0
6782.03125,120808,65,49.01960790157318,0.0,-0.0,0
6782.58984375,120839,66,49.41176474094391,0.0,-0.0,0
6783.15234375,120870,66,49.41176474094391,0.0,-0.0,0
6783.71875,120900,67,49.803921580314636,0.0,-0.0,0
6784.2890625,120931,67,49.41176474094391,0.0,-0.0,0
6784.8671875,120962,67,49.41176474094391,0.0,-0.0,0
6785.44921875,120993,68,49.41176474094391,0.0,-0.0,0
6786.0390625,121024,68,49.41176474094391,0.0,-0.0,0
6786.6328125,121055,69,49.41176474094391,0.0,-0.03485507890582085,0
6787.234375,121086,70,49.41176474094391,0.0,-0.056828953325748444,0
6787.83984375,121117,70,49.41176474094391,0.0,-0.0818500742316246,0
6788.453125,121148,71,49.01960790157318,0.0,-0.1104101911187172,0
6789.07421875,121180,71,49.01960790157318,0.0,-0.13342086970806122,0
6789.6953125,121212,72,49.41176474094391,0.0,-0.10211694985628128,0
6790.328125,121243,72,49.01960790157318,0.0,-0.05291318893432617,0
6790.9609375,121275,73,49.41176474094391,0.0,-0.004929382354021072,0
6791.59765625,121307,73,49.41176474094391,0.0,-0.009495898149907589,0
6792.234375,121338,74,48.627451062202454,0.0,-0.034801654517650604,0
6792.875,121370,74,47.45098054409027,0.0,-0.058415502309799194,0
6793.57421875,121401,75,45.098039507865906,0.0,-0.08319367468357086,0
6794.40234375,121432,75,44.70588266849518,0.0,-0.10697447508573532,0
6795.234375,121463,76,44.70588266849518,0.0,-0.1298348605632782,0
6796.0703125,121495,76,43.92156898975372,0.0,-0.15191341936588287,0
6796.921875,121526,77,41.56862795352936,0.0,-0.1758245825767517,0
6797.78125,121558,77,37.64705955982208,0.0,-0.12457894533872604,0
6798.66015625,121589,77,32.549020648002625,0.0,-0.07800991833209991,0
6799.546875,121622,78,23.9215686917305,0.0,-0.10275068879127502,0
6800.43359375,121654,78,15.686275064945221,0.0,-0.1361200362443924,0
6801.3203125,121686,77,0.0,0.0,-0.16839222609996796,0
6802.2109375,121718,77,0.0,0.0,-0.19978152215480804,0
6803.14453125,121750,77,0.0,0.0,-0.23020055890083313,0
6804.0859375,121783,77,0.0,0.0,-0.26108768582344055,0
6805.046875,121816,76,0.0,0.0,-0.2910923361778259,0
6805.99609375,121849,76,0.0,0.0,-0.32054969668388367,0
6806.96875,121882,76,0.0,0.0,-0.3486243188381195,0
6807.875,121915,75,0.0,2.648158185184002,-0.37660568952560425,0
6808.71875,121948,74,0.0,54.88574504852295,-0.40395212173461914,0
6809.484375,121980,72,0.0,100.0,-0.4319329857826233,0
6810.203125,122012,70,0.0,100.0,-0.4595707952976227,0
6810.87109375,122043,68,0.0,100.0,-0.4873952269554138,0
6811.515625,122073,67,0.0,100.0,-0.5148811936378479,0
6812.125,122104,65,0.0,100.0,-0.5434718728065491,0
6812.7109375,122134,64,0.0,100.0,-0.5719949007034302,0
6813.28125,122164,62,0.0,100.0,-0.6015586256980896,0
6813.82421875,122195,61,0.0,100.0,-0.6315752267837524,0
6814.35546875,122225,59,0.0,100.0,-0.661680281162262,0
6814.875,122255,58,0.0,100.0,-0.6927647590637207,0
6815.37890625,122285,56,0.0,100.0,-0.7247775793075562,0
6815.87109375,122315,55,0.0,100.0,-0.7578279972076416,0
6816.34765625,122346,53,0.0,100.0,-0.7920802235603333,0
6816.8203125,122376,52,0.0,100.0,-0.8277786374092102,0
6817.28125,122406,50,0.0,100.0,-0.8637939095497131,0
6817.734375,122437,49,0.0,100.0,-0.8989741802215576,0
6818.1796875,122468,47,0.0,100.0,-0.9333184957504272,0
6818.625,122499,46,0.0,100.0,-0.9667901396751404,0
6819.0625,122530,45,0.0,57.40740895271301,-0.9993571043014526,0
6819.5078125,122561,44,0.0,9.16256383061409,-1.0,0
6819.95703125,122592,44,0.0,0.0,-1.0,0
6820.39453125,122624,43,0.0,0.0,-1.0,0
6820.82421875,122655,43,0.0,0.0,-1.0,0
6821.24609375,122687,43,0.0,0.0,-1.0,0
6821.66015625,122718,43,0.0,0.0,-1.0,0
6822.06640625,122750,42,0.0,0.0,-1.0,0
6822.46484375,122781,42,0.0,0.0,-1.0,0
6822.85546875,122813,42,0.0,0.0,-1.0,0
6823.2421875,122844,42,0.0,0.0,-1.0,0
6823.6171875,122875,41,0.0,0.0,-1.0,0
6823.9921875,122906,41,0.0,0.0,-1.0,0
6824.359375,122937,41,0.0,0.0,-1.0,0
6824.72265625,122968,41,0.0,0.0,-1.0,0
6825.0859375,122999,40,0.0,0.0,-1.0,0
6825.4453125,123030,40,0.0,0.0,-1.0,0
6825.8046875,123061,40,0.0,0.0,-0.7993769645690918,0
6826.1640625,123092,40,0.0,0.0,-0.6468139290809631,0
6826.51953125,123124,40,0.0,0.0,-0.46899378299713135,0
6826.87890625,123155,40,0.0,0.0,-0.502565324306488,0
6827.234375,123186,40,0.0,0.0,-0.5392265319824219,0
6827.59375,123218,39,0.0,0.0,-0.5864483714103699,0
6827.94921875,123250,39,0.0,0.0,-0.6324029564857483,0
6828.3046875,123281,39,0.0,0.0,-0.6769517660140991,0
6828.65625,123313,38,0.0,0.0,-0.7201322913169861,0
6829.0078125,123345,38,0.0,0.0,-0.7619892358779907,0
6829.359375,123377,38,0.0,0.0,-0.8024447560310364,0
6829.7109375,123408,37,0.0,0.0,-0.8415822982788086,0
6830.0625,123440,37,0.0,0.0,-0.8794395327568054,0
6830.41015625,123472,36,0.7843137718737125,0.0,-0.9159675240516663,0
6830.76171875,123503,36,5.490196123719215,0.0,-0.9513113498687744,0
6831.11328125,123535,36,12.941177189350128,0.0,-0.9855761528015137,0
6831.46875,123567,35,21.568627655506134,0.0,-1.0,0
6831.83203125,123599,35,24.313725531101227,0.0,-1.0,0
6832.1875,123630,35,23.9215686917305,0.0,-1.0,0
6832.51171875,123662,35,21.176470816135406,0.0,-1.0,0
6832.8359375,123694,35,18.431372940540314,0.0,-0.7930734157562256,0
6833.15625,123726,35,15.294118225574493,0.0,-0.668765664100647,0
6833.47265625,123758,35,14.509804546833038,0.0,-0.5313974022865295,0
6833.79296875,123790,35,14.901961386203766,0.0,-0.40819862484931946,0
6834.109375,123823,34,18.431372940540314,0.0,-0.30172377824783325,0
6834.421875,123854,34,24.705882370471954,0.0,-0.20798029005527496,0
6834.734375,123886,34,29.80392277240753,0.0,-0.1215939074754715,0
6835.046875,123918,34,26.66666805744171,0.0,-0.04137161374092102,0
6835.35546875,123950,34,23.137255012989044,0.0,-0.0,0
6835.6640625,123981,34,24.313725531101227,0.0,-0.0,0
6835.97265625,124013,34,30.980393290519714,0.0,-0.0,0
6836.27734375,124045,34,33.72549116611481,0.0,-0.0,0
6836.58203125,124076,34,34.50980484485626,0.0,-0.0,0
6836.88671875,124108,34,33.72549116611481,0.0,-0.0,0
6837.19140625,124140,34,34.90196168422699,0.0,-0.0,0
6837.4921875,124172,34,35.29411852359772,0.0,-0.0,0
6837.79296875,124203,34,35.29411852359772,0.0,-0.0,0
6838.09375,124235,33,35.686275362968445,0.0,-0.0,0
6838.390625,124267,33,35.686275362968445,0.0,-0.0,0
6838.68359375,124298,33,36.07843220233917,0.0,-0.0,0
6838.98046875,124330,33,35.686275362968445,0.0,-0.0,0
6839.2734375,124361,33,36.07843220233917,0.0,-0.0,0
6839.5703125,124393,33,36.07843220233917,0.0,-0.0,0
6839.8671875,124425,33,36.4705890417099,0.0,-0.0,0
6840.171875,124456,34,36.07843220233917,0.0,-0.0,0
6840.4765625,124488,34,37.254902720451355,0.0,-0.0,0
6840.7890625,124521,34,37.254902720451355,0.0,-0.0,0
6841.1015625,124553,35,37.64705955982208,0.0,-0.0,0
6841.4140625,124585,35,37.254902720451355,0.0,-0.0,0
6841.734375,124617,35,37.64705955982208,0.0,-0.0,0
6842.0546875,124649,36,37.64705955982208,0.0,-0.0,0
6842.375,124681,36,38.03921639919281,0.0,-0.0,0
6842.69921875,124713,36,38.03921639919281,0.0,-0.0,0
6843.02734375,124745,37,38.43137323856354,0.0,-0.0,0
6843.35546875,124777,37,38.43137323856354,0.0,-0.0,0
6843.6875,124809,37,38.43137323856354,0.0,-0.0,0
6844.01953125,124840,38,38.823530077934265,0.0,-0.0,0
6844.359375,124872,38,40.392157435417175,0.0,-0.0,0
6844.69921875,124904,39,42.74509847164154,0.0,-0.0,0
6845.04296875,124936,39,44.31372582912445,0.0,-0.0,0
6845.39453125,124968,39,45.88235318660736,0.0,-0.0,0
6845.75,125000,40,48.627451062202454,0.0,-0.0,0
6846.109375,125033,40,51.372551918029785,0.0,-0.0,0
6846.47265625,125065,41,51.372551918029785,0.0,-0.0,0
6846.84375,125097,41,52.941179275512695,0.0,-0.0,0
6847.22265625,125129,42,54.90196347236633,0.0,-0.0,0
6847.609375,125161,43,54.90196347236633,0.0,-0.0,0
6847.99609375,125194,43,54.509806632995605,0.0,-0.0,0
6848.39453125,125226,44,54.11764979362488,0.0,-0.0,0
6848.796875,125258,44,54.11764979362488,0.0,-0.0,0
6849.203125,125290,45,54.11764979362488,0.0,-0.0,0
6849.61328125,125323,46,54.11764979362488,0.0,-0.0,0
6850.03125,125355,46,54.11764979362488,0.0,-0.0,0
6850.453125,125387,47,54.11764979362488,0.0,-0.0,0
6850.8828125,125419,47,54.11764979362488,0.0,-0.0,0
6851.3125,125452,48,54.11764979362488,0.0,-0.0,0
6851.75,125484,49,53.72549295425415,0.0,-0.0,0
6852.1953125,125516,49,52.15686559677124,0.0,-0.0,0
6852.6484375,125548,50,49.01960790157318,0.0,0.030421201139688492,0
6853.109375,125581,50,49.01960790157318,0.0,-0.011639364063739777,0
6853.5703125,125613,51,49.803921580314636,0.0,-0.05708133429288864,0
6854.04296875,125646,52,50.1960813999176,0.0,-0.1072453111410141,0
6854.51953125,125678,52,50.1960813999176,0.0,-0.15860174596309662,0
6855.0,125711,53,50.58823823928833,0.0,-0.2073628008365631,0
6855.48828125,125743,54,51.76470875740051,0.0,-0.2537175714969635,0
6855.9765625,125775,54,53.33333611488342,0.0,-0.29519015550613403,0
6856.47265625,125807,55,55.29412031173706,0.0,-0.3229553699493408,0
6856.9765625,125839,56,56.47059082984924,0.0,-0.2507070004940033,0
6857.484375,125871,57,56.47059082984924,0.0,-0.1626758724451065,0
6858.0,125903,58,56.47059082984924,0.0,-0.09050038456916809,0
6858.51953125,125934,59,56.86274766921997,0.0,-0.030935311689972878,0
6859.05859375,125966,59,56.86274766921997,0.0,-0.0,0
6859.60546875,125998,60,56.47059082984924,0.0,-0.0,0
6860.16015625,126030,61,56.47059082984924,0.0,-0.0,0
6860.72265625,126062,62,56.47059082984924,0.0,-0.0007331798551604152,0
6861.296875,126094,63,56.47059082984924,0.0,-0.043060630559921265,0
6861.8828125,126127,64,56.47059082984924,0.0,-0.07520345598459244,0
6862.48046875,126159,65,56.47059082984924,0.0,-0.10936100780963898,0
6863.078125,126192,66,56.47059082984924,0.0,-0.1388864368200302,0
6863.69140625,126224,67,56.078433990478516,0.0,-0.17011518776416779,0
6864.3203125,126256,68,55.68627715110779,0.0,-0.20371200144290924,0
6864.9609375,126289,69,56.078433990478516,0.0,-0.22789114713668823,0
6865.609375,126322,70,56.078433990478516,0.0,-0.15046082437038422,0
6866.265625,126354,71,56.078433990478516,0.0,-0.0882984921336174,0
6866.93359375,126387,72,56.078433990478516,0.0,-0.037164874374866486,0
6867.609375,126420,73,56.078433990478516,0.0,-0.0,0
6868.296875,126453,74,56.47059082984924,0.0,-0.0,0
6868.98828125,126485,76,56.47059082984924,0.0,-0.0,0
6869.68359375,126518,77,56.86274766921997,0.0,-0.0,0
6870.390625,126550,78,57.647061347961426,0.0,-0.0,0
6871.1015625,126582,78,58.43137502670288,0.0,-0.0,0
6871.82421875,126615,79,58.82353186607361,0.0,-0.0,0
6872.5546875,126647,80,59.60784554481506,0.0,-0.0,0
6873.296875,126680,81,60.784316062927246,0.0,-0.0,0
6874.046875,126712,82,61.176472902297974,0.0,-0.0,0
6874.82421875,126745,83,61.5686297416687,0.0,-0.0,0
6875.6171875,126778,83,61.96078658103943,0.0,-0.0,0
6876.4140625,126812,84,61.96078658103943,0.0,-0.0,0
6877.21875,126846,85,61.96078658103943,0.0,-0.0,0
6878.02734375,126879,86,61.96078658103943,0.0,-0.0,0
6878.84375,126912,87,62.352943420410156,0.0,-0.0,0
6879.6640625,126946,88,61.96078658103943,0.0,-0.0,0
6880.48046875,126979,89,61.96078658103943,0.0,-0.0,0
6881.29296875,127011,90,61.96078658103943,0.0,-0.0,0
6882.125,127043,91,61.96078658103943,0.0,-0.0,0
6882.96875,127076,92,62.352943420410156,0.0,-0.0,0
6883.828125,127108,93,62.352943420410156,0.0,-0.0,0
6884.6953125,127141,94,62.352943420410156,0.0,-0.0,0
6885.57421875,127174,95,62.745100259780884,0.0,-0.0,0
6886.4609375,127207,96,63.13725709915161,0.0,-0.0,0
6887.35546875,127239,97,63.13725709915161,0.0,-0.0,0
6888.2578125,127272,98,63.13725709915161,0.0,-0.0,0
6889.16015625,127305,99,63.13725709915161,0.0,-0.0,0
6890.0703125,127337,100,63.13725709915161,0.0,-0.0,0
6890.9921875,127370,101,63.13725709915161,0.0,-0.0073674521408975124,0
6891.921875,127402,102,63.13725709915161,0.0,-0.02241886965930462,0
6892.86328125,127434,103,63.13725709915161,0.0,-0.04184588044881821,0
6893.81640625,127467,104,63.13725709915161,0.0,-0.06206803396344185,0
6894.77734375,127499,105,63.13725709915161,0.0,-0.07626359909772873,0
6895.74609375,127532,106,63.52941393852234,0.0,-0.043360449373722076,0
6896.73828125,127565,107,63.52941393852234,0.0,-0.011063476093113422,0
6897.7578125,127598,108,63.52941393852234,0.0,-0.0,0
6898.8046875,127631,109,63.52941393852234,0.0,-0.0,0
6899.8828125,127666,110,63.52941393852234,0.0,-0.0,0
6900.97265625,127701,111,63.921570777893066,0.0,-0.0,0
6902.078125,127736,112,63.921570777893066,0.0,-0.0,0
6903.21875,127771,113,64.3137276172638,0.0,-0.0,0
6904.37890625,127807,114,64.3137276172638,0.0,-0.0,0
6905.56640625,127844,115,64.70588445663452,0.0,-0.0,0
6906.74609375,127881,116,64.70588445663452,0.0,-0.0,0
6907.91015625,127917,117,65.09804129600525,0.0,-0.0,0
6909.078125,127953,118,65.09804129600525,0.0,-0.00874112918972969,0
6910.24609375,127988,119,65.09804129600525,0.0,-0.02285374514758587,0
6911.40234375,128023,120,65.49019813537598,0.0,-0.0403313934803009,0
6912.53125,128058,121,65.49019813537598,0.0,-0.05765899270772934,0
6913.6328125,128091,122,65.49019813537598,0.0,-0.0756564736366272,0
6914.7421875,128124,122,65.8823549747467,0.0,-0.062167249619960785,0
6915.86328125,128156,123,66.27451181411743,0.0,-0.030120864510536194,0
6916.98828125,128189,124,66.66666865348816,0.0,-0.0018495280528441072,0
6918.125,128221,125,66.66666865348816,0.0,-0.0,0
6919.26953125,128254,126,66.66666865348816,0.0,-0.0,0
6920.421875,128286,127,66.66666865348816,0.0,-0.0,0
6921.58203125,128319,128,66.66666865348816,0.0,-0.0,0
6922.7421875,128351,129,67.05882549285889,0.0,-0.0,0
6923.90625,128383,130,67.05882549285889,0.0,-0.0,0
6925.078125,128416,130,67.05882549285889,0.0,-0.0,0
6926.2578125,128448,131,67.05882549285889,0.0,-0.0,0
6927.453125,128480,132,67.05882549285889,0.0,-0.0,0
6928.640625,128512,133,67.05882549285889,0.0,-0.0,0
6929.83203125,128544,134,67.05882549285889,0.0,-0.0,0
6931.03515625,128576,135,67.45098233222961,0.0,-0.0,0
6932.23828125,128608,135,67.45098233222961,0.0,-0.0,0
6933.45703125,128640,136,67.05882549285889,0.0,-0.0,0
6934.6875,128672,137,67.45098233222961,0.0,-0.0,0
6935.91015625,128704,138,67.84313917160034,0.0,-0.0,0
6937.1484375,128736,139,67.84313917160034,0.0,-0.0,0
6938.3984375,128768,139,67.84313917160034,0.0,0.002456897171214223,0
6939.66015625,128800,140,68.23529601097107,0.0,0.015600726008415222,0
6940.92578125,128832,141,68.6274528503418,0.0,0.03586887940764427,0
6942.19140625,128864,142,69.01960968971252,0.0,0.05612526088953018,0
6943.46875,128896,143,70.1960802078247,0.0,0.07040780782699585,0
6944.75390625,128928,144,70.98039388656616,0.0,0.04212073236703873,0
6946.046875,128960,144,71.37255072593689,0.0,0.01592244952917099,0
6947.34375,128992,145,71.76470756530762,0.0,-0.0,0
6948.6484375,129024,146,72.15686440467834,0.0,-0.0,0
6949.9609375,129056,147,72.15686440467834,0.0,-0.0,0
6951.27734375,129088,148,72.15686440467834,0.0,-0.0,0
6952.58984375,129120,149,72.15686440467834,0.0,-0.0,0
6953.90625,129151,149,72.54902124404907,0.0,-0.0,0
6955.234375,129183,150,72.54902124404907,0.0,-0.0,0
6956.57421875,129215,151,72.54902124404907,0.0,-0.0,0
6957.92578125,129246,152,73.33333492279053,0.0,-0.0,0
6959.3046875,129278,153,73.33333492279053,0.0,-0.0,0
6960.68359375,129310,153,73.72549176216125,0.0,-0.0,0
6962.078125,129343,154,74.11764860153198,0.0,-0.0,0
6963.484375,129375,155,73.72549176216125,0.0,-0.0,0
6964.90234375,129407,156,74.11764860153198,0.0,-0.0,0
6966.328125,129440,157,74.11764860153198,0.0,-0.0,0
6967.7421875,129472,158,74.11764860153198,0.0,-0.0,0
6969.14453125,129504,159,74.11764860153198,0.0,-0.012439066544175148,0
6970.5625,129536,160,74.11764860153198,0.0,-0.03125101327896118,0
6971.984375,129568,160,74.11764860153198,0.0,-0.04622993618249893,0
6973.40625,129599,161,74.11764860153198,0.0,-0.020414086058735847,0
6974.8359375,129631,162,74.11764860153198,0.0,-0.0032064164988696575,0
6976.27734375,129663,163,74.11764860153198,0.0,-0.0,0
6977.73828125,129694,164,74.50980544090271,0.0,-0.0,0
6979.21875,129726,165,74.50980544090271,0.0,-0.0,0
6980.70703125,129758,165,74.50980544090271,0.0,-0.0,0
6982.2109375,129791,166,74.50980544090271,0.0,-0.0,0
6983.72265625,129823,167,74.50980544090271,0.0,-0.0,0
6985.24609375,129855,168,74.90196228027344,0.0,-0.0,0
6986.765625,129888,169,74.90196228027344,0.0,-0.0,0
6988.29296875,129920,169,75.29411911964417,0.0,-0.0,0
6989.828125,129953,170,75.68627595901489,0.0,-0.0,0
6991.375,129985,171,76.07843279838562,0.0,-0.0,0
6992.9296875,130017,172,76.47058963775635,0.0,-0.0,0
6994.484375,130050,172,76.86274647712708,0.0,-0.0,0
6996.05078125,130082,173,76.86274647712708,0.0,-0.0,0
6997.640625,130115,174,77.2549033164978,0.0,-0.0,0
6999.23046875,130147,175,77.64706015586853,0.0,-0.0,0
7000.82421875,130180,176,77.64706015586853,0.0,-0.0,0
7002.41796875,130212,176,78.03921699523926,0.0,-0.0,0
7004.015625,130245,177,78.43137383460999,0.0,-0.0,0
7005.640625,130277,178,80.0000011920929,0.0,-0.0,0
7007.2734375,130310,179,80.78431487083435,0.0,-0.0,0
